variant,split,table,legal_codec,event_count,group_count,chunk_count,encoded_token_count,motif_token_count,atom_token_count,side_info_token_count,motif_group_coverage_count,motif_coverage_rate,fallback_group_rate,code_bits,bits_per_event,dictionary_cost_bits,dictionary_bits_per_event,bits_per_event_with_dictionary,tokens_per_event,fallback_literal_count,fallback_event_count,baseline_code_bits,baseline_raw_fallback_bits,replacement_payload_bits,replacement_mode_header_bits,replacement_bits,baseline_dictionary_cost_bits,table_model_cost_bits,delta_bits_per_event_with_dictionary,fallback_payload_bits_per_fallback_event,baseline_raw_bits_per_fallback_event,fallback_payload_delta_bits_per_fallback_event,bucket,replacement_bits_per_fallback_event,delta_bits_per_fallback_event,fallback_share
b0_r0_delta,train,global,True,12635191.0,7649299.0,947299.0,4449232.0,2167436.0,2281796.0,0.0,5458667.0,0.7136166333673191,0.286383366632681,53101374.882059835,4.202657077527347,491691.57749456936,0.03891445546763554,4.241571532994982,0.3521301735763235,,,,,,,,,,,,,,,,,
b0_r0_delta,valid,global,True,1736653.0,1048099.0,124103.0,619642.0,287839.0,331803.0,0.0,728776.0,0.6953312616460849,0.30466873835391506,7387478.966594429,4.253860135901892,491691.57749456936,0.2831259770918942,4.5369861129937865,0.35680242397301015,,,,,,,,,,,,,,,,,
b0_r0_delta,test,global,True,1692725.0,1021875.0,128230.0,583690.0,295900.0,287790.0,0.0,745134.0,0.7291831192660551,0.27081688073394494,6993054.6038733255,4.13124081222486,491691.57749456936,0.2904733949664413,4.421714207191301,0.34482269713036673,,,,,,,,,,,,,,,,,
b0_r0_delta,same_song_filtered_test,global,True,1681778.0,1014744.0,127603.0,580245.0,293961.0,286284.0,0.0,739477.0,0.7287325670316849,0.2712674329683152,6950148.799172586,4.13261964371789,491691.57749456936,0.2923641393183698,4.42498378303626,0.34501878369202116,,,,,,,,,,,,,,,,,
b0_r0_delta,clean_trace_test,global,True,1563723.0,946369.0,119069.0,535436.0,275903.0,259533.0,0.0,696701.0,0.7361832435339704,0.26381675646602964,6421410.459684497,4.1064884635478895,491691.57749456936,0.3144364938640471,4.420924957411937,0.3424110280401324,,,,,,,,,,,,,,,,,
b0_r0_delta,dirty_trace_test,global,True,129002.0,75506.0,9161.0,48254.0,19997.0,28257.0,0.0,48433.0,0.6414457129234763,0.3585542870765237,571644.1441888919,4.431281252917721,491691.57749456936,3.8115035231590935,8.242784776076814,0.37405621618269486,,,,,,,,,,,,,,,,,
c3_active_all_fixed_w256,train,global,True,12635191.0,7649299.0,947299.0,,,,,,,,49890824.433382675,3.9485611601267188,491691.57749456936,0.03891445546763554,3.987475615594354,,2190632.0,4344136.0,53101374.882059835,23348248.943030223,19733166.49436273,404532.000001097,20137698.494353067,491691.57749456936,0.0,-0.25409591740062787,4.6356049843635345,5.374658837345383,-0.7390538529818487,,,,
c3_active_all_fixed_w256,valid,global,True,1736653.0,1048099.0,124103.0,,,,,,,,6859895.560214976,3.9500669161974074,491691.57749456936,0.2831259770918942,4.233192893289301,,319323.0,634627.0,7387478.966594429,3420138.0293637677,2829384.6229836945,63169.99999999938,2892554.6229843153,491691.57749456936,0.0,-0.3037932197044855,4.557881437418066,5.3892097710367945,-0.8313283336187279,,,,
c3_active_all_fixed_w256,test,global,True,1692725.0,1021875.0,128230.0,,,,,,,,6582453.1862498205,3.8886725169474192,491691.57749456936,0.2904733949664413,4.179145911913861,,276741.0,555201.0,6993054.6038733255,2937148.5348225185,2476005.1171984486,50542.00000000337,2526547.1171990135,491691.57749456936,0.0,-0.24256829527744017,4.550689060716774,5.2902435961435925,-0.7395545354268184,,,,
c3_active_all_fixed_w256,same_song_filtered_test,global,True,1681778.0,1014744.0,127603.0,,,,,,,,6541426.571637217,3.889589810092186,491691.57749456936,0.2923641393183698,4.181953949410556,,275267.0,552215.0,6950148.799172586,2921624.050526771,2462655.8229908403,50246.00000000343,2512901.822991402,491691.57749456936,0.0,-0.24302983362570352,4.550585954730317,5.290736489459307,-0.7401505347289903,,,,
c3_active_all_fixed_w256,clean_trace_test,global,True,1563723.0,946369.0,119069.0,,,,,,,,6053574.351366868,3.8712574742245707,491691.57749456936,0.3144364938640471,4.185693968088618,,249668.0,500248.0,6421410.459684497,2641806.859176088,2229628.7508580117,44342.00000000416,2273970.7508584596,491691.57749456936,0.0,-0.23523098932331887,4.545686841043762,5.280994345156978,-0.7353075041132169,,,,
c3_active_all_fixed_w256,dirty_trace_test,global,True,129002.0,75506.0,9161.0,,,,,,,,528878.8348830029,4.099772366963325,491691.57749456936,3.8115035231590935,7.911275890122419,,27073.0,54953.0,571644.1441888919,295341.67564612953,246376.36634023848,6200.000000000043,252576.3663402406,491691.57749456936,0.0,-0.33150888595439465,4.596225253220763,5.37444135253998,-0.7782160993192168,,,,
c3_active_all_fixed_w256,valid,active_hold_count,True,,,,,,,,,,,,,,,,,117413.0,243110.0,,,,,,,,,,5.202979932695986,,1,4.188805659024177,-1.0141742736718098,0.11202472285537912
c3_active_all_fixed_w256,valid,active_hold_count,True,,,,,,,,,,,,,,,,,113369.0,193791.0,,,,,,,,,,6.032046639113834,,0,5.785663602494157,-0.2463830366196767,0.10816630871702006
c3_active_all_fixed_w256,valid,active_hold_count,True,,,,,,,,,,,,,,,,,64899.0,145540.0,,,,,,,,,,4.960924825210412,,2,3.824766053408381,-1.1361587718020318,0.06192067734059473
c3_active_all_fixed_w256,valid,active_hold_count,True,,,,,,,,,,,,,,,,,23642.0,52186.0,,,,,,,,,,5.064044544936398,,3plus,3.762466803633361,-1.3015777413030374,0.022557029440921136
c3_active_all_fixed_w256,valid,group_class,True,,,,,,,,,,,,,,,,,59704.0,149842.0,,,,,,,,,,4.512391762169137,,ln_start_ln_end,3.3173614058557153,-1.1950303563134217,0.05696408449965128
c3_active_all_fixed_w256,valid,group_class,True,,,,,,,,,,,,,,,,,35028.0,91234.0,,,,,,,,,,4.494434226673228,,tap_ln_end,3.854353958646826,-0.6400802680264018,0.03342050703225554
c3_active_all_fixed_w256,valid,group_class,True,,,,,,,,,,,,,,,,,43815.0,61546.0,,,,,,,,,,7.130648983572059,,ln_start,6.316540054720823,-0.8141089288512364,0.04180425704060399
c3_active_all_fixed_w256,valid,group_class,True,,,,,,,,,,,,,,,,,23222.0,77065.0,,,,,,,,,,3.7689542369539573,,tap_ln_start_ln_end,2.9163798403591854,-0.8525743965947717,0.022156303936937256
c3_active_all_fixed_w256,valid,group_class,True,,,,,,,,,,,,,,,,,88299.0,131967.0,,,,,,,,,,6.4594940885568155,,tap,6.271773973788617,-0.18772011476819808,0.08424681256255373
c3_active_all_fixed_w256,valid,group_class,True,,,,,,,,,,,,,,,,,23461.0,56063.0,,,,,,,,,,4.894691060728829,,tap_ln_start,3.862027831398696,-1.032663229330133,0.02238433583087094
c3_active_all_fixed_w256,valid,group_class,True,,,,,,,,,,,,,,,,,45794.0,66910.0,,,,,,,,,,7.140614388913709,,ln_end,5.770942717512219,-1.3696716714014894,0.043692437451042315
c3_active_all_fixed_w256,valid,boundary_bucket,True,,,,,,,,,,,,,,,,,233559.0,475783.0,,,,,,,,,,5.347159694242555,,middle,4.489907636003679,-0.8572520582388762,0.22284059044040688
c3_active_all_fixed_w256,valid,boundary_bucket,True,,,,,,,,,,,,,,,,,51028.0,87518.0,,,,,,,,,,5.7433718080724905,,near_end_le12,5.058935159627402,-0.6844366484450886,0.048686240517355706
c3_active_all_fixed_w256,valid,boundary_bucket,True,,,,,,,,,,,,,,,,,5895.0,20389.0,,,,,,,,,,4.021458617279015,,exact_start,3.4248765027337296,-0.596582114545286,0.005624468680916593
c3_active_all_fixed_w256,valid,boundary_bucket,True,,,,,,,,,,,,,,,,,28841.0,50937.0,,,,,,,,,,5.720957553645349,,near_start_le12,4.785425209358743,-0.9355323442866067,0.02751743871523587
c3_active_all_fixed_w256,valid,chord_ln_mixed,True,,,,,,,,,,,,,,,,,237612.0,410265.0,,,,,,,,,,5.9601167389793,,no,5.11776245892819,-0.8423542800511101,0.2267075915538513
c3_active_all_fixed_w256,valid,chord_ln_mixed,True,,,,,,,,,,,,,,,,,81711.0,224362.0,,,,,,,,,,4.345257821933966,,yes,3.5340913691806457,-0.8111664527533207,0.07796114680006373
c3_active_all_fixed_w256,valid,active_span,True,,,,,,,,,,,,,,,,,226081.0,489580.0,,,,,,,,,,5.081938700318979,,yes,4.004314192827897,-1.0776245074910824,0.21570576825280818
c3_active_all_fixed_w256,valid,active_span,True,,,,,,,,,,,,,,,,,93242.0,145047.0,,,,,,,,,,6.426347876618629,,no,6.426347876618629,0.0,0.08896297010110686
c3_active_all_fixed_w256,test,active_hold_count,True,,,,,,,,,,,,,,,,,108150.0,188204.0,,,,,,,,,,5.858054131581355,,0,5.637935876937565,-0.22011825464379023,0.1058348623853211
c3_active_all_fixed_w256,test,active_hold_count,True,,,,,,,,,,,,,,,,,103774.0,218505.0,,,,,,,,,,5.08011907006569,,1,4.167000377980136,-0.9131186920855541,0.1015525382262997
c3_active_all_fixed_w256,test,active_hold_count,True,,,,,,,,,,,,,,,,,15934.0,36738.0,,,,,,,,,,4.904521415241332,,3plus,3.606471335732663,-1.2980500795086694,0.015592905198776758
c3_active_all_fixed_w256,test,active_hold_count,True,,,,,,,,,,,,,,,,,48883.0,111754.0,,,,,,,,,,4.871642982650689,,2,3.7802680162901403,-1.0913749663605494,0.0478365749235474
c3_active_all_fixed_w256,test,group_class,True,,,,,,,,,,,,,,,,,35004.0,47021.0,,,,,,,,,,7.340773800637616,,ln_start,6.6465194123989715,-0.6942543882386445,0.03425467889908257
c3_active_all_fixed_w256,test,group_class,True,,,,,,,,,,,,,,,,,86357.0,136061.0,,,,,,,,,,6.1133404069949115,,tap,5.955562002485385,-0.15777840450952646,0.08450837920489297
c3_active_all_fixed_w256,test,group_class,True,,,,,,,,,,,,,,,,,32133.0,84016.0,,,,,,,,,,4.449772985736846,,tap_ln_end,3.8932454812127384,-0.5565275045241077,0.031445137614678896
c3_active_all_fixed_w256,test,group_class,True,,,,,,,,,,,,,,,,,49143.0,122380.0,,,,,,,,,,4.499604332380364,,ln_start_ln_end,3.323926851540521,-1.1756774808398431,0.04809100917431193
c3_active_all_fixed_w256,test,group_class,True,,,,,,,,,,,,,,,,,21358.0,70842.0,,,,,,,,,,3.7207705882153577,,tap_ln_start_ln_end,2.8588068741051282,-0.8619637141102292,0.02090079510703364
c3_active_all_fixed_w256,test,group_class,True,,,,,,,,,,,,,,,,,32614.0,46845.0,,,,,,,,,,7.2272069167689565,,ln_end,5.9795719374629765,-1.2476349793059798,0.03191584097859327
c3_active_all_fixed_w256,test,group_class,True,,,,,,,,,,,,,,,,,20132.0,48036.0,,,,,,,,,,4.861598747449632,,tap_ln_start,3.8968207565377937,-0.9647779909118382,0.01970103975535168
c3_active_all_fixed_w256,test,boundary_bucket,True,,,,,,,,,,,,,,,,,202012.0,416585.0,,,,,,,,,,5.253757074614875,,middle,4.495719678176121,-0.7580373964387546,0.19768758409785933
c3_active_all_fixed_w256,test,boundary_bucket,True,,,,,,,,,,,,,,,,,46120.0,78200.0,,,,,,,,,,5.663610931684459,,near_end_le12,5.0931842813163675,-0.5704266503680919,0.045132721712538224
c3_active_all_fixed_w256,test,boundary_bucket,True,,,,,,,,,,,,,,,,,5308.0,18275.0,,,,,,,,,,3.9897553628188143,,exact_start,3.2338170753490383,-0.7559382874697759,0.0051943730886850155
c3_active_all_fixed_w256,test,boundary_bucket,True,,,,,,,,,,,,,,,,,23301.0,42141.0,,,,,,,,,,5.522056661681409,,near_start_le12,4.658473154760512,-0.8635835069208976,0.022802201834862385
c3_active_all_fixed_w256,test,chord_ln_mixed,True,,,,,,,,,,,,,,,,,203118.0,352307.0,,,,,,,,,,5.864708394124358,,no,5.136829317648159,-0.7278790764761991,0.19876990825688073
c3_active_all_fixed_w256,test,chord_ln_mixed,True,,,,,,,,,,,,,,,,,73623.0,202894.0,,,,,,,,,,4.292737659134809,,yes,3.5329097498493534,-0.7598279092854552,0.07204697247706422
c3_active_all_fixed_w256,test,active_span,True,,,,,,,,,,,,,,,,,90004.0,144607.0,,,,,,,,,,6.165812333875058,,no,6.165812333875058,0.0,0.08807730886850153
c3_active_all_fixed_w256,test,active_span,True,,,,,,,,,,,,,,,,,186737.0,410594.0,,,,,,,,,,4.981877257477716,,yes,3.9818591918882804,-1.0000180655894364,0.18273957186544343
a1_exact_only_all_fallback_w256,train,global,True,12635191.0,7649299.0,947299.0,,,,,,,,49272782.38957462,3.899646818918259,491691.57749456936,0.03891445546763554,3.9385612743858944,,2190632.0,4344136.0,53101374.882059835,23348248.943030223,19073632.45061018,446024.00000086287,19519656.450545006,491691.57749456936,0.0,-0.3030102586090875,4.493334566538664,5.374658837345383,-0.8813242708067192,,,,
a1_exact_only_all_fallback_w256,valid,global,True,1736653.0,1048099.0,124103.0,,,,,,,,6794043.641538037,3.9121480465804264,491691.57749456936,0.2831259770918942,4.1952740236723205,,319323.0,634627.0,7387478.966594429,3420138.0293637677,2761414.704304893,65288.00000000046,2826702.704307376,491691.57749456936,0.0,-0.341712089321466,4.454116676894264,5.3892097710367945,-0.9350930941425306,,,,
a1_exact_only_all_fallback_w256,test,global,True,1692725.0,1021875.0,128230.0,,,,,,,,6521485.209711072,3.852654866981389,491691.57749456936,0.2904733949664413,4.1431282619478305,,276741.0,555201.0,6993054.6038733255,2937148.5348225185,2409481.1406589155,56098.00000000087,2465579.140660265,491691.57749456936,0.0,-0.2785859452434707,4.440876620647774,5.2902435961435925,-0.8493669754958177,,,,
a1_exact_only_all_fallback_w256,same_song_filtered_test,global,True,1681778.0,1014744.0,127603.0,,,,,,,,6480450.468516139,3.853332882530357,491691.57749456936,0.2923641393183698,4.1456970218487275,,275267.0,552215.0,6950148.799172586,2921624.050526771,2396089.7198690074,55836.00000000083,2451925.7198703242,491691.57749456936,0.0,-0.2792867611875325,4.440165007959444,5.290736489459307,-0.8505714814998633,,,,
a1_exact_only_all_fallback_w256,clean_trace_test,global,True,1563723.0,946369.0,119069.0,,,,,,,,5982762.592298954,3.825973393177023,491691.57749456936,0.3144364938640471,4.14040988704107,,249668.0,500248.0,6421410.459684497,2641806.859176088,2152026.991789888,51132.000000001586,2203158.991790545,491691.57749456936,0.0,-0.28051507037086676,4.404133533348549,5.280994345156978,-0.8768608118084289,,,,
a1_exact_only_all_fallback_w256,dirty_trace_test,global,True,129002.0,75506.0,9161.0,,,,,,,,538722.6174115851,4.176079575600262,491691.57749456936,3.8115035231590935,7.987583098759356,,27073.0,54953.0,571644.1441888919,295341.67564612953,257454.14886881065,4966.000000000043,262420.1488688227,491691.57749456936,0.0,-0.2552016773174577,4.775356192907079,5.37444135253998,-0.5990851596329009,,,,
a1_exact_only_all_fallback_w256,valid,active_hold_count,True,,,,,,,,,,,,,,,,,117413.0,243110.0,,,,,,,,,,5.202979932695986,,1,4.3826729169541325,-0.8203070157418544,0.11202472285537912
a1_exact_only_all_fallback_w256,valid,active_hold_count,True,,,,,,,,,,,,,,,,,113369.0,193791.0,,,,,,,,,,6.032046639113834,,0,4.922497349287264,-1.1095492898265702,0.10816630871702006
a1_exact_only_all_fallback_w256,valid,active_hold_count,True,,,,,,,,,,,,,,,,,64899.0,145540.0,,,,,,,,,,4.960924825210412,,2,4.082714251733555,-0.8782105734768578,0.06192067734059473
a1_exact_only_all_fallback_w256,valid,active_hold_count,True,,,,,,,,,,,,,,,,,23642.0,52186.0,,,,,,,,,,5.064044544936398,,3plus,4.083416537992452,-0.9806280069439463,0.022557029440921136
a1_exact_only_all_fallback_w256,valid,group_class,True,,,,,,,,,,,,,,,,,59704.0,149842.0,,,,,,,,,,4.512391762169137,,ln_start_ln_end,3.7113858125502572,-0.8010059496188797,0.05696408449965128
a1_exact_only_all_fallback_w256,valid,group_class,True,,,,,,,,,,,,,,,,,35028.0,91234.0,,,,,,,,,,4.494434226673228,,tap_ln_end,3.799465118068312,-0.694969108604916,0.03342050703225554
a1_exact_only_all_fallback_w256,valid,group_class,True,,,,,,,,,,,,,,,,,43815.0,61546.0,,,,,,,,,,7.130648983572059,,ln_start,5.833024858775658,-1.2976241247964022,0.04180425704060399
a1_exact_only_all_fallback_w256,valid,group_class,True,,,,,,,,,,,,,,,,,23222.0,77065.0,,,,,,,,,,3.7689542369539573,,tap_ln_start_ln_end,3.2438173483081942,-0.5251368886457627,0.022156303936937256
a1_exact_only_all_fallback_w256,valid,group_class,True,,,,,,,,,,,,,,,,,88299.0,131967.0,,,,,,,,,,6.4594940885568155,,tap,5.261318984588661,-1.198175103968154,0.08424681256255373
a1_exact_only_all_fallback_w256,valid,group_class,True,,,,,,,,,,,,,,,,,23461.0,56063.0,,,,,,,,,,4.894691060728829,,tap_ln_start,4.171810687187672,-0.7228803735411566,0.02238433583087094
a1_exact_only_all_fallback_w256,valid,group_class,True,,,,,,,,,,,,,,,,,45794.0,66910.0,,,,,,,,,,7.140614388913709,,ln_end,5.7801822432903025,-1.3604321456234065,0.043692437451042315
a1_exact_only_all_fallback_w256,valid,boundary_bucket,True,,,,,,,,,,,,,,,,,233559.0,475783.0,,,,,,,,,,5.347159694242555,,middle,4.382923232826252,-0.9642364614163028,0.22284059044040688
a1_exact_only_all_fallback_w256,valid,boundary_bucket,True,,,,,,,,,,,,,,,,,51028.0,87518.0,,,,,,,,,,5.7433718080724905,,near_end_le12,4.891053190229168,-0.8523186178433227,0.048686240517355706
a1_exact_only_all_fallback_w256,valid,boundary_bucket,True,,,,,,,,,,,,,,,,,5895.0,20389.0,,,,,,,,,,4.021458617279015,,exact_start,3.5851706605044393,-0.4362879567745763,0.005624468680916593
a1_exact_only_all_fallback_w256,valid,boundary_bucket,True,,,,,,,,,,,,,,,,,28841.0,50937.0,,,,,,,,,,5.720957553645349,,near_start_le12,4.716200446064418,-1.0047571075809318,0.02751743871523587
a1_exact_only_all_fallback_w256,valid,chord_ln_mixed,True,,,,,,,,,,,,,,,,,237612.0,410265.0,,,,,,,,,,5.9601167389793,,no,4.865619288068068,-1.0944974509112326,0.2267075915538513
a1_exact_only_all_fallback_w256,valid,chord_ln_mixed,True,,,,,,,,,,,,,,,,,81711.0,224362.0,,,,,,,,,,4.345257821933966,,yes,3.7016491521965222,-0.643608669737444,0.07796114680006373
a1_exact_only_all_fallback_w256,valid,active_span,True,,,,,,,,,,,,,,,,,226081.0,489580.0,,,,,,,,,,5.081938700318979,,yes,4.238012191268322,-0.8439265090506561,0.21570576825280818
a1_exact_only_all_fallback_w256,valid,active_span,True,,,,,,,,,,,,,,,,,93242.0,145047.0,,,,,,,,,,6.426347876618629,,no,5.183538409643744,-1.2428094669748846,0.08896297010110686
a1_exact_only_all_fallback_w256,test,active_hold_count,True,,,,,,,,,,,,,,,,,108150.0,188204.0,,,,,,,,,,5.858054131581355,,0,4.896121259867791,-0.9619328717135635,0.1058348623853211
a1_exact_only_all_fallback_w256,test,active_hold_count,True,,,,,,,,,,,,,,,,,103774.0,218505.0,,,,,,,,,,5.08011907006569,,1,4.334613467715457,-0.7455056023502332,0.1015525382262997
a1_exact_only_all_fallback_w256,test,active_hold_count,True,,,,,,,,,,,,,,,,,15934.0,36738.0,,,,,,,,,,4.904521415241332,,3plus,3.934862601390177,-0.9696588138511552,0.015592905198776758
a1_exact_only_all_fallback_w256,test,active_hold_count,True,,,,,,,,,,,,,,,,,48883.0,111754.0,,,,,,,,,,4.871642982650689,,2,4.048318959988473,-0.8233240226622173,0.0478365749235474
a1_exact_only_all_fallback_w256,test,group_class,True,,,,,,,,,,,,,,,,,35004.0,47021.0,,,,,,,,,,7.340773800637616,,ln_start,6.120375812440469,-1.2203979881971478,0.03425467889908257
a1_exact_only_all_fallback_w256,test,group_class,True,,,,,,,,,,,,,,,,,86357.0,136061.0,,,,,,,,,,6.1133404069949115,,tap,5.103140010459275,-1.0102003965356363,0.08450837920489297
a1_exact_only_all_fallback_w256,test,group_class,True,,,,,,,,,,,,,,,,,32133.0,84016.0,,,,,,,,,,4.449772985736846,,tap_ln_end,3.8168525494751435,-0.6329204362617029,0.031445137614678896
a1_exact_only_all_fallback_w256,test,group_class,True,,,,,,,,,,,,,,,,,49143.0,122380.0,,,,,,,,,,4.499604332380364,,ln_start_ln_end,3.732385873913465,-0.7672184584668986,0.04809100917431193
a1_exact_only_all_fallback_w256,test,group_class,True,,,,,,,,,,,,,,,,,21358.0,70842.0,,,,,,,,,,3.7207705882153577,,tap_ln_start_ln_end,3.1945181050545632,-0.5262524831607943,0.02090079510703364
a1_exact_only_all_fallback_w256,test,group_class,True,,,,,,,,,,,,,,,,,32614.0,46845.0,,,,,,,,,,7.2272069167689565,,ln_end,5.944333264643114,-1.2828736521258424,0.03191584097859327
a1_exact_only_all_fallback_w256,test,group_class,True,,,,,,,,,,,,,,,,,20132.0,48036.0,,,,,,,,,,4.861598747449632,,tap_ln_start,4.189362273983144,-0.6722364734664883,0.01970103975535168
a1_exact_only_all_fallback_w256,test,boundary_bucket,True,,,,,,,,,,,,,,,,,202012.0,416585.0,,,,,,,,,,5.253757074614875,,middle,4.371810537992304,-0.8819465366225713,0.19768758409785933
a1_exact_only_all_fallback_w256,test,boundary_bucket,True,,,,,,,,,,,,,,,,,46120.0,78200.0,,,,,,,,,,5.663610931684459,,near_end_le12,4.9265071018763615,-0.7371038298080976,0.045132721712538224
a1_exact_only_all_fallback_w256,test,boundary_bucket,True,,,,,,,,,,,,,,,,,5308.0,18275.0,,,,,,,,,,3.9897553628188143,,exact_start,3.5218346386288495,-0.46792072418996455,0.0051943730886850155
a1_exact_only_all_fallback_w256,test,boundary_bucket,True,,,,,,,,,,,,,,,,,23301.0,42141.0,,,,,,,,,,5.522056661681409,,near_start_le12,4.621011943289322,-0.9010447183920869,0.022802201834862385
a1_exact_only_all_fallback_w256,test,chord_ln_mixed,True,,,,,,,,,,,,,,,,,203118.0,352307.0,,,,,,,,,,5.864708394124358,,no,4.874601410335762,-0.9901069837885956,0.19876990825688073
a1_exact_only_all_fallback_w256,test,chord_ln_mixed,True,,,,,,,,,,,,,,,,,73623.0,202894.0,,,,,,,,,,4.292737659134809,,yes,3.687752923142408,-0.6049847359924007,0.07204697247706422
a1_exact_only_all_fallback_w256,test,active_span,True,,,,,,,,,,,,,,,,,90004.0,144607.0,,,,,,,,,,6.165812333875058,,no,5.115441029757084,-1.050371304117975,0.08807730886850153
a1_exact_only_all_fallback_w256,test,active_span,True,,,,,,,,,,,,,,,,,186737.0,410594.0,,,,,,,,,,4.981877257477716,,yes,4.203301947104564,-0.7785753103731522,0.18273957186544343
a2_skeleton_residual_all_fallback_w256,train,global,True,12635191.0,7649299.0,947299.0,,,,,,,,47906074.08264764,3.7914800087032825,491691.57749456936,0.03891445546763554,3.8303944641709182,,2190632.0,4344136.0,53101374.882059835,23348248.943030223,17498074.143611796,654874.0000012415,18152948.143618025,491691.57749456936,0.0,-0.4111770688240637,4.178724640208784,5.374658837345383,-1.1959341971365993,,,,
a2_skeleton_residual_all_fallback_w256,valid,global,True,1736653.0,1048099.0,124103.0,,,,,,,,6608986.105177656,3.805588165959265,491691.57749456936,0.2831259770918942,4.088714143051159,,319323.0,634627.0,7387478.966594429,3420138.0293637677,2545001.167946359,96643.9999999969,2641645.1679469952,491691.57749456936,0.0,-0.44827196994262763,4.162516199195741,5.3892097710367945,-1.2266935718410539,,,,
a2_skeleton_residual_all_fallback_w256,test,global,True,1692725.0,1021875.0,128230.0,,,,,,,,6341508.39456472,3.746331149220765,491691.57749456936,0.2904733949664413,4.0368045441872065,,276741.0,555201.0,6993054.6038733255,2937148.5348225185,2202704.3255136865,82898.00000000207,2285602.3255139133,491691.57749456936,0.0,-0.3849096630040947,4.116711471185955,5.2902435961435925,-1.1735321249576374,,,,
a2_skeleton_residual_all_fallback_w256,same_song_filtered_test,global,True,1681778.0,1014744.0,127603.0,,,,,,,,6301102.063276511,3.7466907423432287,491691.57749456936,0.2923641393183698,4.039054881661598,,275267.0,552215.0,6950148.799172586,2921624.050526771,2190081.3146304293,82496.00000000169,2272577.314630696,491691.57749456936,0.0,-0.38592890137466185,4.115384976197126,5.290736489459307,-1.1753515132621808,,,,
a2_skeleton_residual_all_fallback_w256,clean_trace_test,global,True,1563723.0,946369.0,119069.0,,,,,,,,5825664.307024718,3.7255091259927227,491691.57749456936,0.3144364938640471,4.03994561985677,,249668.0,500248.0,6421410.459684497,2641806.859176088,1971562.7065163339,74498.00000000138,2046060.7065163096,491691.57749456936,0.0,-0.3809793375551669,4.090092727040007,5.280994345156978,-1.190901618116971,,,,
a2_skeleton_residual_all_fallback_w256,dirty_trace_test,global,True,129002.0,75506.0,9161.0,,,,,,,,515844.08754014334,3.9987293804758326,491691.57749456936,3.8115035231590935,7.810232903634926,,27073.0,54953.0,571644.1441888919,295341.67564612953,231141.61899737953,8400.00000000012,239541.618997381,491691.57749456936,0.0,-0.43255187244188775,4.359027150426383,5.37444135253998,-1.0154142021135975,,,,
a2_skeleton_residual_all_fallback_w256,valid,active_hold_count,True,,,,,,,,,,,,,,,,,117413.0,243110.0,,,,,,,,,,5.202979932695986,,1,4.1067216374425515,-1.0962582952534345,0.11202472285537912
a2_skeleton_residual_all_fallback_w256,valid,active_hold_count,True,,,,,,,,,,,,,,,,,113369.0,193791.0,,,,,,,,,,6.032046639113834,,0,4.611149600919049,-1.420897038194785,0.10816630871702006
a2_skeleton_residual_all_fallback_w256,valid,active_hold_count,True,,,,,,,,,,,,,,,,,64899.0,145540.0,,,,,,,,,,4.960924825210412,,2,3.818205133649013,-1.1427196915613997,0.06192067734059473
a2_skeleton_residual_all_fallback_w256,valid,active_hold_count,True,,,,,,,,,,,,,,,,,23642.0,52186.0,,,,,,,,,,5.064044544936398,,3plus,3.7166903615018594,-1.3473541834345393,0.022557029440921136
a2_skeleton_residual_all_fallback_w256,valid,group_class,True,,,,,,,,,,,,,,,,,59704.0,149842.0,,,,,,,,,,4.512391762169137,,ln_start_ln_end,3.4761534243039702,-1.036238337865167,0.05696408449965128
a2_skeleton_residual_all_fallback_w256,valid,group_class,True,,,,,,,,,,,,,,,,,35028.0,91234.0,,,,,,,,,,4.494434226673228,,tap_ln_end,3.5080148961959154,-0.9864193304773125,0.03342050703225554
a2_skeleton_residual_all_fallback_w256,valid,group_class,True,,,,,,,,,,,,,,,,,43815.0,61546.0,,,,,,,,,,7.130648983572059,,ln_start,5.512019750741717,-1.618629232830342,0.04180425704060399
a2_skeleton_residual_all_fallback_w256,valid,group_class,True,,,,,,,,,,,,,,,,,23222.0,77065.0,,,,,,,,,,3.7689542369539573,,tap_ln_start_ln_end,2.9997303285767294,-0.7692239083772275,0.022156303936937256
a2_skeleton_residual_all_fallback_w256,valid,group_class,True,,,,,,,,,,,,,,,,,88299.0,131967.0,,,,,,,,,,6.4594940885568155,,tap,4.988789046703264,-1.4707050418535517,0.08424681256255373
a2_skeleton_residual_all_fallback_w256,valid,group_class,True,,,,,,,,,,,,,,,,,23461.0,56063.0,,,,,,,,,,4.894691060728829,,tap_ln_start,3.7937028199838547,-1.100988240744974,0.02238433583087094
a2_skeleton_residual_all_fallback_w256,valid,group_class,True,,,,,,,,,,,,,,,,,45794.0,66910.0,,,,,,,,,,7.140614388913709,,ln_end,5.369336195316625,-1.7712781935970843,0.043692437451042315
a2_skeleton_residual_all_fallback_w256,valid,boundary_bucket,True,,,,,,,,,,,,,,,,,233559.0,475783.0,,,,,,,,,,5.347159694242555,,middle,4.070831893737034,-1.2763278005055216,0.22284059044040688
a2_skeleton_residual_all_fallback_w256,valid,boundary_bucket,True,,,,,,,,,,,,,,,,,51028.0,87518.0,,,,,,,,,,5.7433718080724905,,near_end_le12,4.679588423271878,-1.0637833848006126,0.048686240517355706
a2_skeleton_residual_all_fallback_w256,valid,boundary_bucket,True,,,,,,,,,,,,,,,,,5895.0,20389.0,,,,,,,,,,4.021458617279015,,exact_start,3.321267177641118,-0.7001914396378978,0.005624468680916593
a2_skeleton_residual_all_fallback_w256,valid,boundary_bucket,True,,,,,,,,,,,,,,,,,28841.0,50937.0,,,,,,,,,,5.720957553645349,,near_start_le12,4.467224629155781,-1.2537329244895692,0.02751743871523587
a2_skeleton_residual_all_fallback_w256,valid,chord_ln_mixed,True,,,,,,,,,,,,,,,,,237612.0,410265.0,,,,,,,,,,5.9601167389793,,no,4.576881669013644,-1.3832350699656561,0.2267075915538513
a2_skeleton_residual_all_fallback_w256,valid,chord_ln_mixed,True,,,,,,,,,,,,,,,,,81711.0,224362.0,,,,,,,,,,4.345257821933966,,yes,3.404813693977131,-0.9404441279568352,0.07796114680006373
a2_skeleton_residual_all_fallback_w256,valid,active_span,True,,,,,,,,,,,,,,,,,226081.0,489580.0,,,,,,,,,,5.081938700318979,,yes,3.9469464102859346,-1.134992290033044,0.21570576825280818
a2_skeleton_residual_all_fallback_w256,valid,active_span,True,,,,,,,,,,,,,,,,,93242.0,145047.0,,,,,,,,,,6.426347876618629,,no,4.890133159586623,-1.5362147170320066,0.08896297010110686
a2_skeleton_residual_all_fallback_w256,test,active_hold_count,True,,,,,,,,,,,,,,,,,108150.0,188204.0,,,,,,,,,,5.858054131581355,,0,4.504801904212301,-1.3532522273690537,0.1058348623853211
a2_skeleton_residual_all_fallback_w256,test,active_hold_count,True,,,,,,,,,,,,,,,,,103774.0,218505.0,,,,,,,,,,5.08011907006569,,1,4.057564379575721,-1.0225546904899683,0.1015525382262997
a2_skeleton_residual_all_fallback_w256,test,active_hold_count,True,,,,,,,,,,,,,,,,,15934.0,36738.0,,,,,,,,,,4.904521415241332,,3plus,3.5934216213910197,-1.3110997938503124,0.015592905198776758
a2_skeleton_residual_all_fallback_w256,test,active_hold_count,True,,,,,,,,,,,,,,,,,48883.0,111754.0,,,,,,,,,,4.871642982650689,,2,3.750804084399665,-1.1208388982510247,0.0478365749235474
a2_skeleton_residual_all_fallback_w256,test,group_class,True,,,,,,,,,,,,,,,,,35004.0,47021.0,,,,,,,,,,7.340773800637616,,ln_start,5.79633505164794,-1.5444387489896763,0.03425467889908257
a2_skeleton_residual_all_fallback_w256,test,group_class,True,,,,,,,,,,,,,,,,,86357.0,136061.0,,,,,,,,,,6.1133404069949115,,tap,4.737761840860734,-1.3755785661341777,0.08450837920489297
a2_skeleton_residual_all_fallback_w256,test,group_class,True,,,,,,,,,,,,,,,,,32133.0,84016.0,,,,,,,,,,4.449772985736846,,tap_ln_end,3.4932897289386595,-0.9564832567981865,0.031445137614678896
a2_skeleton_residual_all_fallback_w256,test,group_class,True,,,,,,,,,,,,,,,,,49143.0,122380.0,,,,,,,,,,4.499604332380364,,ln_start_ln_end,3.4645717212778373,-1.0350326111025268,0.04809100917431193
a2_skeleton_residual_all_fallback_w256,test,group_class,True,,,,,,,,,,,,,,,,,21358.0,70842.0,,,,,,,,,,3.7207705882153577,,tap_ln_start_ln_end,2.95587384486542,-0.7648967433499376,0.02090079510703364
a2_skeleton_residual_all_fallback_w256,test,group_class,True,,,,,,,,,,,,,,,,,32614.0,46845.0,,,,,,,,,,7.2272069167689565,,ln_end,5.527927133332962,-1.6992797834359952,0.03191584097859327
a2_skeleton_residual_all_fallback_w256,test,group_class,True,,,,,,,,,,,,,,,,,20132.0,48036.0,,,,,,,,,,4.861598747449632,,tap_ln_start,3.8010234537811765,-1.0605752936684558,0.01970103975535168
a2_skeleton_residual_all_fallback_w256,test,boundary_bucket,True,,,,,,,,,,,,,,,,,202012.0,416585.0,,,,,,,,,,5.253757074614875,,middle,4.025631902698088,-1.228125171916788,0.19768758409785933
a2_skeleton_residual_all_fallback_w256,test,boundary_bucket,True,,,,,,,,,,,,,,,,,46120.0,78200.0,,,,,,,,,,5.663610931684459,,near_end_le12,4.69362283836341,-0.9699880933210485,0.045132721712538224
a2_skeleton_residual_all_fallback_w256,test,boundary_bucket,True,,,,,,,,,,,,,,,,,5308.0,18275.0,,,,,,,,,,3.9897553628188143,,exact_start,3.185485025956328,-0.8042703368624862,0.0051943730886850155
a2_skeleton_residual_all_fallback_w256,test,boundary_bucket,True,,,,,,,,,,,,,,,,,23301.0,42141.0,,,,,,,,,,5.522056661681409,,near_start_le12,4.350357478918447,-1.1716991827629628,0.022802201834862385
a2_skeleton_residual_all_fallback_w256,test,chord_ln_mixed,True,,,,,,,,,,,,,,,,,203118.0,352307.0,,,,,,,,,,5.864708394124358,,no,4.541845941476118,-1.3228624526482402,0.19876990825688073
a2_skeleton_residual_all_fallback_w256,test,chord_ln_mixed,True,,,,,,,,,,,,,,,,,73623.0,202894.0,,,,,,,,,,4.292737659134809,,yes,3.3785040829708866,-0.9142335761639221,0.07204697247706422
a2_skeleton_residual_all_fallback_w256,test,active_span,True,,,,,,,,,,,,,,,,,90004.0,144607.0,,,,,,,,,,6.165812333875058,,no,4.724569266940009,-1.4412430669350502,0.08807730886850153
a2_skeleton_residual_all_fallback_w256,test,active_span,True,,,,,,,,,,,,,,,,,186737.0,410594.0,,,,,,,,,,4.981877257477716,,yes,3.9026301834167008,-1.079247074061016,0.18273957186544343
a3_mirror_only_all_fallback_w256,train,global,True,12635191.0,7649299.0,947299.0,,,,,,,,49219659.64718853,3.895442470730243,491691.57749456936,0.03891445546763554,3.9343569261978786,,2190632.0,4344136.0,53101374.882059835,23348248.943030223,19014465.708224498,452068.00000088837,19466533.70815892,491691.57749456936,0.0,-0.30721460679710333,4.481105957124482,5.374658837345383,-0.8935528802209005,,,,
a3_mirror_only_all_fallback_w256,valid,global,True,1736653.0,1048099.0,124103.0,,,,,,,,6800159.315869253,3.915669575827326,491691.57749456936,0.2831259770918942,4.19879555291922,,319323.0,634627.0,7387478.966594429,3420138.0293637677,2766786.3786360854,66032.00000000214,2832818.3786385925,491691.57749456936,0.0,-0.33819056007456627,4.463753320672762,5.3892097710367945,-0.925456450364033,,,,
a3_mirror_only_all_fallback_w256,test,global,True,1692725.0,1021875.0,128230.0,,,,,,,,6502020.25159622,3.8411556818716686,491691.57749456936,0.2904733949664413,4.131629076838109,,276741.0,555201.0,6993054.6038733255,2937148.5348225185,2388948.1825440135,57166.00000000006,2446114.1825454123,491691.57749456936,0.0,-0.2900851303531917,4.40581732119613,5.2902435961435925,-0.8844262749474625,,,,
a3_mirror_only_all_fallback_w256,same_song_filtered_test,global,True,1681778.0,1014744.0,127603.0,,,,,,,,6460900.369135974,3.8417082213799763,491691.57749456936,0.2923641393183698,4.1340723606983465,,275267.0,552215.0,6950148.799172586,2921624.050526771,2375425.6204887484,56950.00000000008,2432375.620490159,491691.57749456936,0.0,-0.29091142233791345,4.4047619504905855,5.290736489459307,-0.8859745389687211,,,,
a3_mirror_only_all_fallback_w256,clean_trace_test,global,True,1563723.0,946369.0,119069.0,,,,,,,,5970057.234562194,3.817848323879737,491691.57749456936,0.3144364938640471,4.132284817743784,,249668.0,500248.0,6421410.459684497,2641806.859176088,2138423.6340530883,52030.00000000084,2190453.6340537854,491691.57749456936,0.0,-0.2886401396681526,4.378735415341561,5.280994345156978,-0.9022589298154171,,,,
a3_mirror_only_all_fallback_w256,dirty_trace_test,global,True,129002.0,75506.0,9161.0,,,,,,,,531963.0170335924,4.123680385060638,491691.57749456936,3.8115035231590935,7.935183908219732,,27073.0,54953.0,571644.1441888919,295341.67564612953,250524.54849081783,5136.000000000037,255660.54849083014,491691.57749456936,0.0,-0.30760086785708207,4.652349252831149,5.37444135253998,-0.7220920997088309,,,,
a3_mirror_only_all_fallback_w256,valid,active_hold_count,True,,,,,,,,,,,,,,,,,117413.0,243110.0,,,,,,,,,,5.202979932695986,,1,4.401964067891927,-0.8010158648040593,0.11202472285537912
a3_mirror_only_all_fallback_w256,valid,active_hold_count,True,,,,,,,,,,,,,,,,,113369.0,193791.0,,,,,,,,,,6.032046639113834,,0,5.062663827806824,-0.9693828113070105,0.10816630871702006
a3_mirror_only_all_fallback_w256,valid,active_hold_count,True,,,,,,,,,,,,,,,,,64899.0,145540.0,,,,,,,,,,4.960924825210412,,2,3.96385276406282,-0.9970720611475931,0.06192067734059473
a3_mirror_only_all_fallback_w256,valid,active_hold_count,True,,,,,,,,,,,,,,,,,23642.0,52186.0,,,,,,,,,,5.064044544936398,,3plus,3.9217237756380348,-1.142320769298364,0.022557029440921136
a3_mirror_only_all_fallback_w256,valid,group_class,True,,,,,,,,,,,,,,,,,59704.0,149842.0,,,,,,,,,,4.512391762169137,,ln_start_ln_end,3.644808226215093,-0.867583535954044,0.05696408449965128
a3_mirror_only_all_fallback_w256,valid,group_class,True,,,,,,,,,,,,,,,,,35028.0,91234.0,,,,,,,,,,4.494434226673228,,tap_ln_end,3.776999988627553,-0.7174342380456747,0.03342050703225554
a3_mirror_only_all_fallback_w256,valid,group_class,True,,,,,,,,,,,,,,,,,43815.0,61546.0,,,,,,,,,,7.130648983572059,,ln_start,5.764354626729793,-1.366294356842266,0.04180425704060399
a3_mirror_only_all_fallback_w256,valid,group_class,True,,,,,,,,,,,,,,,,,23222.0,77065.0,,,,,,,,,,3.7689542369539573,,tap_ln_start_ln_end,3.2638924931542426,-0.5050617437997146,0.022156303936937256
a3_mirror_only_all_fallback_w256,valid,group_class,True,,,,,,,,,,,,,,,,,88299.0,131967.0,,,,,,,,,,6.4594940885568155,,tap,5.456313874174596,-1.00318021438222,0.08424681256255373
a3_mirror_only_all_fallback_w256,valid,group_class,True,,,,,,,,,,,,,,,,,23461.0,56063.0,,,,,,,,,,4.894691060728829,,tap_ln_start,4.145280067027322,-0.7494109937015064,0.02238433583087094
a3_mirror_only_all_fallback_w256,valid,group_class,True,,,,,,,,,,,,,,,,,45794.0,66910.0,,,,,,,,,,7.140614388913709,,ln_end,5.72899646045535,-1.411617928458359,0.043692437451042315
a3_mirror_only_all_fallback_w256,valid,boundary_bucket,True,,,,,,,,,,,,,,,,,233559.0,475783.0,,,,,,,,,,5.347159694242555,,middle,4.387467087061708,-0.9596926071808468,0.22284059044040688
a3_mirror_only_all_fallback_w256,valid,boundary_bucket,True,,,,,,,,,,,,,,,,,51028.0,87518.0,,,,,,,,,,5.7433718080724905,,near_end_le12,4.932663742006487,-0.8107080660660034,0.048686240517355706
a3_mirror_only_all_fallback_w256,valid,boundary_bucket,True,,,,,,,,,,,,,,,,,5895.0,20389.0,,,,,,,,,,4.021458617279015,,exact_start,3.5742392489234245,-0.44721936835559123,0.005624468680916593
a3_mirror_only_all_fallback_w256,valid,boundary_bucket,True,,,,,,,,,,,,,,,,,28841.0,50937.0,,,,,,,,,,5.720957553645349,,near_start_le12,4.726703499093404,-0.9942540545519464,0.02751743871523587
a3_mirror_only_all_fallback_w256,valid,chord_ln_mixed,True,,,,,,,,,,,,,,,,,237612.0,410265.0,,,,,,,,,,5.9601167389793,,no,4.885376160020066,-1.0747405789592348,0.2267075915538513
a3_mirror_only_all_fallback_w256,valid,chord_ln_mixed,True,,,,,,,,,,,,,,,,,81711.0,224362.0,,,,,,,,,,4.345257821933966,,yes,3.692780097989895,-0.6524777239440717,0.07796114680006373
a3_mirror_only_all_fallback_w256,valid,active_span,True,,,,,,,,,,,,,,,,,226081.0,489580.0,,,,,,,,,,5.081938700318979,,yes,4.193893082991452,-0.8880456173275263,0.21570576825280818
a3_mirror_only_all_fallback_w256,valid,active_span,True,,,,,,,,,,,,,,,,,93242.0,145047.0,,,,,,,,,,6.426347876618629,,no,5.374617903611751,-1.0517299730068779,0.08896297010110686
a3_mirror_only_all_fallback_w256,test,active_hold_count,True,,,,,,,,,,,,,,,,,108150.0,188204.0,,,,,,,,,,5.858054131581355,,0,4.925571841334857,-0.932482290246498,0.1058348623853211
a3_mirror_only_all_fallback_w256,test,active_hold_count,True,,,,,,,,,,,,,,,,,103774.0,218505.0,,,,,,,,,,5.08011907006569,,1,4.319016376503889,-0.761102693561801,0.1015525382262997
a3_mirror_only_all_fallback_w256,test,active_hold_count,True,,,,,,,,,,,,,,,,,15934.0,36738.0,,,,,,,,,,4.904521415241332,,3plus,3.711698708570222,-1.1928227066711097,0.015592905198776758
a3_mirror_only_all_fallback_w256,test,active_hold_count,True,,,,,,,,,,,,,,,,,48883.0,111754.0,,,,,,,,,,4.871642982650689,,2,3.928403450569569,-0.9432395320811205,0.0478365749235474
a3_mirror_only_all_fallback_w256,test,group_class,True,,,,,,,,,,,,,,,,,35004.0,47021.0,,,,,,,,,,7.340773800637616,,ln_start,6.01733379457199,-1.3234400060656262,0.03425467889908257
a3_mirror_only_all_fallback_w256,test,group_class,True,,,,,,,,,,,,,,,,,86357.0,136061.0,,,,,,,,,,6.1133404069949115,,tap,5.169960070719937,-0.9433803362749743,0.08450837920489297
a3_mirror_only_all_fallback_w256,test,group_class,True,,,,,,,,,,,,,,,,,32133.0,84016.0,,,,,,,,,,4.449772985736846,,tap_ln_end,3.7378988546408016,-0.7118741310960445,0.031445137614678896
a3_mirror_only_all_fallback_w256,test,group_class,True,,,,,,,,,,,,,,,,,49143.0,122380.0,,,,,,,,,,4.499604332380364,,ln_start_ln_end,3.643892421130333,-0.8557119112500308,0.04809100917431193
a3_mirror_only_all_fallback_w256,test,group_class,True,,,,,,,,,,,,,,,,,21358.0,70842.0,,,,,,,,,,3.7207705882153577,,tap_ln_start_ln_end,3.1793339778325316,-0.541436610382826,0.02090079510703364
a3_mirror_only_all_fallback_w256,test,group_class,True,,,,,,,,,,,,,,,,,32614.0,46845.0,,,,,,,,,,7.2272069167689565,,ln_end,5.881570413378313,-1.3456365033906437,0.03191584097859327
a3_mirror_only_all_fallback_w256,test,group_class,True,,,,,,,,,,,,,,,,,20132.0,48036.0,,,,,,,,,,4.861598747449632,,tap_ln_start,4.142888347620465,-0.7187103998291673,0.01970103975535168
a3_mirror_only_all_fallback_w256,test,boundary_bucket,True,,,,,,,,,,,,,,,,,202012.0,416585.0,,,,,,,,,,5.253757074614875,,middle,4.33216376675179,-0.9215933078630862,0.19768758409785933
a3_mirror_only_all_fallback_w256,test,boundary_bucket,True,,,,,,,,,,,,,,,,,46120.0,78200.0,,,,,,,,,,5.663610931684459,,near_end_le12,4.9245167845384605,-0.7390941471459984,0.045132721712538224
a3_mirror_only_all_fallback_w256,test,boundary_bucket,True,,,,,,,,,,,,,,,,,5308.0,18275.0,,,,,,,,,,3.9897553628188143,,exact_start,3.4973754166763444,-0.49237994614246994,0.0051943730886850155
a3_mirror_only_all_fallback_w256,test,boundary_bucket,True,,,,,,,,,,,,,,,,,23301.0,42141.0,,,,,,,,,,5.522056661681409,,near_start_le12,4.565339965390517,-0.9567166962908923,0.022802201834862385
a3_mirror_only_all_fallback_w256,test,chord_ln_mixed,True,,,,,,,,,,,,,,,,,203118.0,352307.0,,,,,,,,,,5.864708394124358,,no,4.847569619817166,-1.0171387743071927,0.19876990825688073
a3_mirror_only_all_fallback_w256,test,chord_ln_mixed,True,,,,,,,,,,,,,,,,,73623.0,202894.0,,,,,,,,,,4.292737659134809,,yes,3.6387545836517874,-0.6539830754830211,0.07204697247706422
a3_mirror_only_all_fallback_w256,test,active_span,True,,,,,,,,,,,,,,,,,90004.0,144607.0,,,,,,,,,,6.165812333875058,,no,5.16769018110054,-0.9981221527745181,0.08807730886850153
a3_mirror_only_all_fallback_w256,test,active_span,True,,,,,,,,,,,,,,,,,186737.0,410594.0,,,,,,,,,,4.981877257477716,,yes,4.137493505814152,-0.8443837516635644,0.18273957186544343
a5_non_active_all_fixed_w256,train,global,True,12635191.0,7649299.0,947299.0,,,,,,,,51917460.25683921,4.108957296873408,491691.57749456936,0.03891445546763554,4.147871752341043,,2190632.0,4344136.0,53101374.882059835,23348248.943030223,21993006.31780618,171327.99999986356,22164334.317809597,491691.57749456936,0.0,-0.0936997806539388,5.102127170468327,5.374658837345383,-0.272531666877056,,,,
a5_non_active_all_fixed_w256,valid,global,True,1736653.0,1048099.0,124103.0,,,,,,,,7220656.513336994,4.157800385763301,491691.57749456936,0.2831259770918942,4.440926362855195,,319323.0,634627.0,7387478.966594429,3420138.0293637677,3232187.5761060826,21128.00000000058,3253315.576106333,491691.57749456936,0.0,-0.09605975013859158,5.126342837771373,5.3892097710367945,-0.2628669332654213,,,,
a5_non_active_all_fixed_w256,test,global,True,1692725.0,1021875.0,128230.0,,,,,,,,6836199.508511761,4.038576560582352,491691.57749456936,0.2904733949664413,4.3290499555487925,,276741.0,555201.0,6993054.6038733255,2937148.5348225185,2758311.439460536,21982.000000000833,2780293.4394609546,491691.57749456936,0.0,-0.09266425164250869,5.007724120563462,5.2902435961435925,-0.28251947558013013,,,,
a5_non_active_all_fixed_w256,same_song_filtered_test,global,True,1681778.0,1014744.0,127603.0,,,,,,,,6793542.629639779,4.039500237034721,491691.57749456936,0.2923641393183698,4.33186437635309,,275267.0,552215.0,6950148.799172586,2921624.050526771,2743105.8809935306,21912.000000000826,2765017.8809939646,491691.57749456936,0.0,-0.09311940668316954,5.007140119326648,5.290736489459307,-0.2835963701326596,,,,
a5_non_active_all_fixed_w256,clean_trace_test,global,True,1563723.0,946369.0,119069.0,,,,,,,,6270990.932678736,4.010295258609572,491691.57749456936,0.3144364938640471,4.324731752473619,,249668.0,500248.0,6421410.459684497,2641806.859176088,2470699.3321698387,20688.000000000324,2491387.332170327,491691.57749456936,0.0,-0.0961932049383174,4.980304433341717,5.280994345156978,-0.3006899118152615,,,,
a5_non_active_all_fixed_w256,dirty_trace_test,global,True,129002.0,75506.0,9161.0,,,,,,,,565208.5758332442,4.381393899577094,491691.57749456936,3.8115035231590935,8.192897422736188,,27073.0,54953.0,571644.1441888919,295341.67564612953,287612.10729048407,1294.0000000000043,288906.1072904819,491691.57749456936,0.0,-0.049887353340626106,5.257330942632466,5.37444135253998,-0.11711040990751395,,,,
a5_non_active_all_fixed_w256,valid,active_hold_count,True,,,,,,,,,,,,,,,,,117413.0,243110.0,,,,,,,,,,5.202979932695986,,1,5.202979932695986,0.0,0.11202472285537912
a5_non_active_all_fixed_w256,valid,active_hold_count,True,,,,,,,,,,,,,,,,,113369.0,193791.0,,,,,,,,,,6.032046639113834,,0,5.171209689738973,-0.8608369493748615,0.10816630871702006
a5_non_active_all_fixed_w256,valid,active_hold_count,True,,,,,,,,,,,,,,,,,64899.0,145540.0,,,,,,,,,,4.960924825210412,,2,4.960924825210412,0.0,0.06192067734059473
a5_non_active_all_fixed_w256,valid,active_hold_count,True,,,,,,,,,,,,,,,,,23642.0,52186.0,,,,,,,,,,5.064044544936398,,3plus,5.064044544936398,0.0,0.022557029440921136
a5_non_active_all_fixed_w256,valid,group_class,True,,,,,,,,,,,,,,,,,59704.0,149842.0,,,,,,,,,,4.512391762169137,,ln_start_ln_end,4.512391762169137,0.0,0.05696408449965128
a5_non_active_all_fixed_w256,valid,group_class,True,,,,,,,,,,,,,,,,,35028.0,91234.0,,,,,,,,,,4.494434226673228,,tap_ln_end,4.494434226673228,0.0,0.03342050703225554
a5_non_active_all_fixed_w256,valid,group_class,True,,,,,,,,,,,,,,,,,43815.0,61546.0,,,,,,,,,,7.130648983572059,,ln_start,7.0793048094260795,-0.051344174145979596,0.04180425704060399
a5_non_active_all_fixed_w256,valid,group_class,True,,,,,,,,,,,,,,,,,23222.0,77065.0,,,,,,,,,,3.7689542369539573,,tap_ln_start_ln_end,3.7689542369539573,0.0,0.022156303936937256
a5_non_active_all_fixed_w256,valid,group_class,True,,,,,,,,,,,,,,,,,88299.0,131967.0,,,,,,,,,,6.4594940885568155,,tap,5.219317190436389,-1.240176898120427,0.08424681256255373
a5_non_active_all_fixed_w256,valid,group_class,True,,,,,,,,,,,,,,,,,23461.0,56063.0,,,,,,,,,,4.894691060728829,,tap_ln_start,4.894691060728829,0.0,0.02238433583087094
a5_non_active_all_fixed_w256,valid,group_class,True,,,,,,,,,,,,,,,,,45794.0,66910.0,,,,,,,,,,7.140614388913709,,ln_end,7.140614388913709,0.0,0.043692437451042315
a5_non_active_all_fixed_w256,valid,boundary_bucket,True,,,,,,,,,,,,,,,,,233559.0,475783.0,,,,,,,,,,5.347159694242555,,middle,5.07388036603316,-0.27327932820939455,0.22284059044040688
a5_non_active_all_fixed_w256,valid,boundary_bucket,True,,,,,,,,,,,,,,,,,51028.0,87518.0,,,,,,,,,,5.7433718080724905,,near_end_le12,5.428726563183918,-0.3146452448885722,0.048686240517355706
a5_non_active_all_fixed_w256,valid,boundary_bucket,True,,,,,,,,,,,,,,,,,5895.0,20389.0,,,,,,,,,,4.021458617279015,,exact_start,3.9886932063025142,-0.03276541097650168,0.005624468680916593
a5_non_active_all_fixed_w256,valid,boundary_bucket,True,,,,,,,,,,,,,,,,,28841.0,50937.0,,,,,,,,,,5.720957553645349,,near_start_le12,5.552207565688829,-0.16874998795652035,0.02751743871523587
a5_non_active_all_fixed_w256,valid,chord_ln_mixed,True,,,,,,,,,,,,,,,,,237612.0,410265.0,,,,,,,,,,5.9601167389793,,no,5.5534955227986185,-0.40662121618068137,0.2267075915538513
a5_non_active_all_fixed_w256,valid,chord_ln_mixed,True,,,,,,,,,,,,,,,,,81711.0,224362.0,,,,,,,,,,4.345257821933966,,yes,4.345257821933966,0.0,0.07796114680006373
a5_non_active_all_fixed_w256,valid,active_span,True,,,,,,,,,,,,,,,,,226081.0,489580.0,,,,,,,,,,5.081938700318979,,yes,5.081938700318979,0.0,0.21570576825280818
a5_non_active_all_fixed_w256,valid,active_span,True,,,,,,,,,,,,,,,,,93242.0,145047.0,,,,,,,,,,6.426347876618629,,no,5.276220998735863,-1.1501268778827658,0.08896297010110686
a5_non_active_all_fixed_w256,test,active_hold_count,True,,,,,,,,,,,,,,,,,108150.0,188204.0,,,,,,,,,,5.858054131581355,,0,5.024622879529709,-0.8334312520516454,0.1058348623853211
a5_non_active_all_fixed_w256,test,active_hold_count,True,,,,,,,,,,,,,,,,,103774.0,218505.0,,,,,,,,,,5.08011907006569,,1,5.08011907006569,0.0,0.1015525382262997
a5_non_active_all_fixed_w256,test,active_hold_count,True,,,,,,,,,,,,,,,,,15934.0,36738.0,,,,,,,,,,4.904521415241332,,3plus,4.904521415241332,0.0,0.015592905198776758
a5_non_active_all_fixed_w256,test,active_hold_count,True,,,,,,,,,,,,,,,,,48883.0,111754.0,,,,,,,,,,4.871642982650689,,2,4.871642982650689,0.0,0.0478365749235474
a5_non_active_all_fixed_w256,test,group_class,True,,,,,,,,,,,,,,,,,35004.0,47021.0,,,,,,,,,,7.340773800637616,,ln_start,7.280090510096356,-0.06068329054126092,0.03425467889908257
a5_non_active_all_fixed_w256,test,group_class,True,,,,,,,,,,,,,,,,,86357.0,136061.0,,,,,,,,,,6.1133404069949115,,tap,4.981514087036151,-1.1318263199587604,0.08450837920489297
a5_non_active_all_fixed_w256,test,group_class,True,,,,,,,,,,,,,,,,,32133.0,84016.0,,,,,,,,,,4.449772985736846,,tap_ln_end,4.449772985736846,0.0,0.031445137614678896
a5_non_active_all_fixed_w256,test,group_class,True,,,,,,,,,,,,,,,,,49143.0,122380.0,,,,,,,,,,4.499604332380364,,ln_start_ln_end,4.499604332380364,0.0,0.04809100917431193
a5_non_active_all_fixed_w256,test,group_class,True,,,,,,,,,,,,,,,,,21358.0,70842.0,,,,,,,,,,3.7207705882153577,,tap_ln_start_ln_end,3.7207705882153577,0.0,0.02090079510703364
a5_non_active_all_fixed_w256,test,group_class,True,,,,,,,,,,,,,,,,,32614.0,46845.0,,,,,,,,,,7.2272069167689565,,ln_end,7.227115435572325,-9.148119663164991e-05,0.03191584097859327
a5_non_active_all_fixed_w256,test,group_class,True,,,,,,,,,,,,,,,,,20132.0,48036.0,,,,,,,,,,4.861598747449632,,tap_ln_start,4.861598747449632,0.0,0.01970103975535168
a5_non_active_all_fixed_w256,test,boundary_bucket,True,,,,,,,,,,,,,,,,,202012.0,416585.0,,,,,,,,,,5.253757074614875,,middle,4.951478759207807,-0.30227831540706923,0.19768758409785933
a5_non_active_all_fixed_w256,test,boundary_bucket,True,,,,,,,,,,,,,,,,,46120.0,78200.0,,,,,,,,,,5.663610931684459,,near_end_le12,5.3590171950610275,-0.3045937366234316,0.045132721712538224
a5_non_active_all_fixed_w256,test,boundary_bucket,True,,,,,,,,,,,,,,,,,5308.0,18275.0,,,,,,,,,,3.9897553628188143,,exact_start,3.9897553628188143,0.0,0.0051943730886850155
a5_non_active_all_fixed_w256,test,boundary_bucket,True,,,,,,,,,,,,,,,,,23301.0,42141.0,,,,,,,,,,5.522056661681409,,near_start_le12,5.353307625508331,-0.1687490361730784,0.022802201834862385
a5_non_active_all_fixed_w256,test,chord_ln_mixed,True,,,,,,,,,,,,,,,,,203118.0,352307.0,,,,,,,,,,5.864708394124358,,no,5.4194856328365395,-0.44522276128781896,0.19876990825688073
a5_non_active_all_fixed_w256,test,chord_ln_mixed,True,,,,,,,,,,,,,,,,,73623.0,202894.0,,,,,,,,,,4.292737659134809,,yes,4.292737659134809,0.0,0.07204697247706422
a5_non_active_all_fixed_w256,test,active_span,True,,,,,,,,,,,,,,,,,90004.0,144607.0,,,,,,,,,,6.165812333875058,,no,5.081113146691009,-1.08469918718405,0.08807730886850153
a5_non_active_all_fixed_w256,test,active_span,True,,,,,,,,,,,,,,,,,186737.0,410594.0,,,,,,,,,,4.981877257477716,,yes,4.981877257477716,0.0,0.18273957186544343
a6_active_all_fixed_w128,train,global,True,12635191.0,7649299.0,947299.0,,,,,,,,49987244.42021776,3.9561922269491423,491691.57749456936,0.03891445546763554,3.9951066824167776,,2190632.0,4344136.0,53101374.882059835,23348248.943030223,19820160.481218096,413958.00000112294,20234118.48118815,491691.57749456936,0.0,-0.24646485057820433,4.657800419044926,5.374658837345383,-0.7168584183004572,,,,
a6_active_all_fixed_w128,valid,global,True,1736653.0,1048099.0,124103.0,,,,,,,,6877049.740050577,3.9599446406683296,491691.57749456936,0.2831259770918942,4.243070617760224,,319323.0,634627.0,7387478.966594429,3420138.0293637677,2845580.802819978,64127.999999999716,2909708.8028199156,491691.57749456936,0.0,-0.29391549523356275,4.584911771512897,5.3892097710367945,-0.8042979995238969,,,,
a6_active_all_fixed_w128,test,global,True,1692725.0,1021875.0,128230.0,,,,,,,,6590464.509894281,3.893405313854454,491691.57749456936,0.2904733949664413,4.183878708820895,,276741.0,555201.0,6993054.6038733255,2937148.5348225185,2482806.4408433866,51752.0000000027,2534558.4408434737,491691.57749456936,0.0,-0.23783549837040585,4.565118652242114,5.2902435961435925,-0.7251249439014786,,,,
a6_active_all_fixed_w128,same_song_filtered_test,global,True,1681778.0,1014744.0,127603.0,,,,,,,,6549505.400761256,3.894393552990499,491691.57749456936,0.2923641393183698,4.186757692308869,,275267.0,552215.0,6950148.799172586,2921624.050526771,2469522.6521153543,51458.00000000278,2520980.652115442,491691.57749456936,0.0,-0.23822609072739098,4.5652158165124845,5.290736489459307,-0.7255206729468221,,,,
a6_active_all_fixed_w128,clean_trace_test,global,True,1563723.0,946369.0,119069.0,,,,,,,,6060384.612871829,3.8756126327180898,491691.57749456936,0.3144364938640471,4.190049126582137,,249668.0,500248.0,6421410.459684497,2641806.859176088,2235293.012363363,45488.00000000392,2280781.0123634213,491691.57749456936,0.0,-0.2308758308297998,4.5593006116234776,5.280994345156978,-0.7216937335335011,,,,
a6_active_all_fixed_w128,dirty_trace_test,global,True,129002.0,75506.0,9161.0,,,,,,,,530079.8970226706,4.109082781838038,491691.57749456936,3.8115035231590935,7.920586304997132,,27073.0,54953.0,571644.1441888919,295341.67564612953,247513.42847990204,6264.000000000068,253777.4284799082,491691.57749456936,0.0,-0.32219847107968214,4.6180814237604535,5.37444135253998,-0.7563599287795265,,,,
a6_active_all_fixed_w128,valid,active_hold_count,True,,,,,,,,,,,,,,,,,117413.0,243110.0,,,,,,,,,,5.202979932695986,,1,4.217775974194775,-0.9852039585012117,0.11202472285537912
a6_active_all_fixed_w128,valid,active_hold_count,True,,,,,,,,,,,,,,,,,113369.0,193791.0,,,,,,,,,,6.032046639113834,,0,5.7935627958275155,-0.23848384328631853,0.10816630871702006
a6_active_all_fixed_w128,valid,active_hold_count,True,,,,,,,,,,,,,,,,,64899.0,145540.0,,,,,,,,,,4.960924825210412,,2,3.862407969792222,-1.0985168554181908,0.06192067734059473
a6_active_all_fixed_w128,valid,active_hold_count,True,,,,,,,,,,,,,,,,,23642.0,52186.0,,,,,,,,,,5.064044544936398,,3plus,3.8219082137828537,-1.242136331153545,0.022557029440921136
a6_active_all_fixed_w128,valid,group_class,True,,,,,,,,,,,,,,,,,59704.0,149842.0,,,,,,,,,,4.512391762169137,,ln_start_ln_end,3.355885598676995,-1.1565061634921423,0.05696408449965128
a6_active_all_fixed_w128,valid,group_class,True,,,,,,,,,,,,,,,,,35028.0,91234.0,,,,,,,,,,4.494434226673228,,tap_ln_end,3.8731174610494605,-0.6213167656237674,0.03342050703225554
a6_active_all_fixed_w128,valid,group_class,True,,,,,,,,,,,,,,,,,43815.0,61546.0,,,,,,,,,,7.130648983572059,,ln_start,6.343757511535742,-0.7868914720363179,0.04180425704060399
a6_active_all_fixed_w128,valid,group_class,True,,,,,,,,,,,,,,,,,23222.0,77065.0,,,,,,,,,,3.7689542369539573,,tap_ln_start_ln_end,2.954497248397936,-0.8144569885560212,0.022156303936937256
a6_active_all_fixed_w128,valid,group_class,True,,,,,,,,,,,,,,,,,88299.0,131967.0,,,,,,,,,,6.4594940885568155,,tap,6.273526565074015,-0.18596752348280143,0.08424681256255373
a6_active_all_fixed_w128,valid,group_class,True,,,,,,,,,,,,,,,,,23461.0,56063.0,,,,,,,,,,4.894691060728829,,tap_ln_start,3.8974635799331683,-0.9972274807956608,0.02238433583087094
a6_active_all_fixed_w128,valid,group_class,True,,,,,,,,,,,,,,,,,45794.0,66910.0,,,,,,,,,,7.140614388913709,,ln_end,5.81337592818404,-1.327238460729669,0.043692437451042315
a6_active_all_fixed_w128,valid,boundary_bucket,True,,,,,,,,,,,,,,,,,233559.0,475783.0,,,,,,,,,,5.347159694242555,,middle,4.516270971049215,-0.8308887231933404,0.22284059044040688
a6_active_all_fixed_w128,valid,boundary_bucket,True,,,,,,,,,,,,,,,,,51028.0,87518.0,,,,,,,,,,5.7433718080724905,,near_end_le12,5.080894609515279,-0.662477198557212,0.048686240517355706
a6_active_all_fixed_w128,valid,boundary_bucket,True,,,,,,,,,,,,,,,,,5895.0,20389.0,,,,,,,,,,4.021458617279015,,exact_start,3.468802425339896,-0.5526561919391199,0.005624468680916593
a6_active_all_fixed_w128,valid,boundary_bucket,True,,,,,,,,,,,,,,,,,28841.0,50937.0,,,,,,,,,,5.720957553645349,,near_start_le12,4.82063537930605,-0.9003221743392996,0.02751743871523587
a6_active_all_fixed_w128,valid,chord_ln_mixed,True,,,,,,,,,,,,,,,,,237612.0,410265.0,,,,,,,,,,5.9601167389793,,no,5.143399932359103,-0.8167168066201972,0.2267075915538513
a6_active_all_fixed_w128,valid,chord_ln_mixed,True,,,,,,,,,,,,,,,,,81711.0,224362.0,,,,,,,,,,4.345257821933966,,yes,3.5636686674702367,-0.7815891544637297,0.07796114680006373
a6_active_all_fixed_w128,valid,active_span,True,,,,,,,,,,,,,,,,,226081.0,489580.0,,,,,,,,,,5.081938700318979,,yes,4.0393527561590075,-1.0425859441599714,0.21570576825280818
a6_active_all_fixed_w128,valid,active_span,True,,,,,,,,,,,,,,,,,93242.0,145047.0,,,,,,,,,,6.426347876618629,,no,6.426347876618629,0.0,0.08896297010110686
a6_active_all_fixed_w128,test,active_hold_count,True,,,,,,,,,,,,,,,,,108150.0,188204.0,,,,,,,,,,5.858054131581355,,0,5.639408986855353,-0.21864514472600163,0.1058348623853211
a6_active_all_fixed_w128,test,active_hold_count,True,,,,,,,,,,,,,,,,,103774.0,218505.0,,,,,,,,,,5.08011907006569,,1,4.182691452410176,-0.8974276176555137,0.1015525382262997
a6_active_all_fixed_w128,test,active_hold_count,True,,,,,,,,,,,,,,,,,15934.0,36738.0,,,,,,,,,,4.904521415241332,,3plus,3.6238057654645486,-1.2807156497767838,0.015592905198776758
a6_active_all_fixed_w128,test,active_hold_count,True,,,,,,,,,,,,,,,,,48883.0,111754.0,,,,,,,,,,4.871642982650689,,2,3.813096084802854,-1.0585468978478358,0.0478365749235474
a6_active_all_fixed_w128,test,group_class,True,,,,,,,,,,,,,,,,,35004.0,47021.0,,,,,,,,,,7.340773800637616,,ln_start,6.659591761955521,-0.6811820386820956,0.03425467889908257
a6_active_all_fixed_w128,test,group_class,True,,,,,,,,,,,,,,,,,86357.0,136061.0,,,,,,,,,,6.1133404069949115,,tap,5.95611736352094,-0.15722304347397106,0.08450837920489297
a6_active_all_fixed_w128,test,group_class,True,,,,,,,,,,,,,,,,,32133.0,84016.0,,,,,,,,,,4.449772985736846,,tap_ln_end,3.901654040106964,-0.548118945629882,0.031445137614678896
a6_active_all_fixed_w128,test,group_class,True,,,,,,,,,,,,,,,,,49143.0,122380.0,,,,,,,,,,4.499604332380364,,ln_start_ln_end,3.353555554955251,-1.1460487774251127,0.04809100917431193
a6_active_all_fixed_w128,test,group_class,True,,,,,,,,,,,,,,,,,21358.0,70842.0,,,,,,,,,,3.7207705882153577,,tap_ln_start_ln_end,2.885656125168741,-0.8351144630466166,0.02090079510703364
a6_active_all_fixed_w128,test,group_class,True,,,,,,,,,,,,,,,,,32614.0,46845.0,,,,,,,,,,7.2272069167689565,,ln_end,5.996902066799267,-1.2303048499696896,0.03191584097859327
a6_active_all_fixed_w128,test,group_class,True,,,,,,,,,,,,,,,,,20132.0,48036.0,,,,,,,,,,4.861598747449632,,tap_ln_start,3.902541194508637,-0.9590575529409952,0.01970103975535168
a6_active_all_fixed_w128,test,boundary_bucket,True,,,,,,,,,,,,,,,,,202012.0,416585.0,,,,,,,,,,5.253757074614875,,middle,4.511213746247269,-0.7425433283676068,0.19768758409785933
a6_active_all_fixed_w128,test,boundary_bucket,True,,,,,,,,,,,,,,,,,46120.0,78200.0,,,,,,,,,,5.663610931684459,,near_end_le12,5.096920409544894,-0.5666905221395651,0.045132721712538224
a6_active_all_fixed_w128,test,boundary_bucket,True,,,,,,,,,,,,,,,,,5308.0,18275.0,,,,,,,,,,3.9897553628188143,,exact_start,3.26735788266532,-0.7223974801534939,0.0051943730886850155
a6_active_all_fixed_w128,test,boundary_bucket,True,,,,,,,,,,,,,,,,,23301.0,42141.0,,,,,,,,,,5.522056661681409,,near_start_le12,4.673935621624149,-0.8481210400572609,0.022802201834862385
a6_active_all_fixed_w128,test,chord_ln_mixed,True,,,,,,,,,,,,,,,,,203118.0,352307.0,,,,,,,,,,5.864708394124358,,no,5.151384885827334,-0.7133235082970235,0.19876990825688073
a6_active_all_fixed_w128,test,chord_ln_mixed,True,,,,,,,,,,,,,,,,,73623.0,202894.0,,,,,,,,,,4.292737659134809,,yes,3.547120594360856,-0.7456170647739523,0.07204697247706422
a6_active_all_fixed_w128,test,active_span,True,,,,,,,,,,,,,,,,,90004.0,144607.0,,,,,,,,,,6.165812333875058,,no,6.165812333875058,0.0,0.08807730886850153
a6_active_all_fixed_w128,test,active_span,True,,,,,,,,,,,,,,,,,186737.0,410594.0,,,,,,,,,,4.981877257477716,,yes,4.001370737708808,-0.9805065197689079,0.18273957186544343
a7_active_all_elias_gamma_w256,train,global,True,12635191.0,7649299.0,947299.0,,,,,,,,49799487.5629521,3.9413323916474314,491691.57749456936,0.03891445546763554,3.980246847115067,,2190632.0,4344136.0,53101374.882059835,23348248.943030223,19378745.62391765,667616.0000007501,20046361.623922493,491691.57749456936,0.0,-0.26132468587991475,4.614579659550827,5.374658837345383,-0.7600791777945557,,,,
a7_active_all_elias_gamma_w256,valid,global,True,1736653.0,1048099.0,124103.0,,,,,,,,6852409.732258653,3.9457564247196495,491691.57749456936,0.2831259770918942,4.228882401811544,,319323.0,634627.0,7387478.966594429,3420138.0293637677,2784098.795027707,100970.0000000001,2885068.7950279918,491691.57749456936,0.0,-0.3081037111822429,4.546085803200922,5.3892097710367945,-0.8431239678358721,,,,
a7_active_all_elias_gamma_w256,test,global,True,1692725.0,1021875.0,128230.0,,,,,,,,6572821.215764476,3.8829823011797404,491691.57749456936,0.2904733949664413,4.173455696146181,,276741.0,555201.0,6993054.6038733255,2937148.5348225185,2433353.146713615,83561.99999999854,2516915.1467136694,491691.57749456936,0.0,-0.24825851104511987,4.53334044195466,5.2902435961435925,-0.7569031541889317,,,,
a7_active_all_elias_gamma_w256,same_song_filtered_test,global,True,1681778.0,1014744.0,127603.0,,,,,,,,6531835.123897646,3.8838866508526366,491691.57749456936,0.2923641393183698,4.176250790171006,,275267.0,552215.0,6950148.799172586,2921624.050526771,2420206.375251767,83103.99999999873,2503310.3752518306,491691.57749456936,0.0,-0.24873299286525352,4.5332169087254615,5.290736489459307,-0.7575195807338458,,,,
a7_active_all_elias_gamma_w256,clean_trace_test,global,True,1563723.0,946369.0,119069.0,,,,,,,,6044069.081605394,3.865178859430599,491691.57749456936,0.3144364938640471,4.179615353294646,,249668.0,500248.0,6421410.459684497,2641806.859176088,2190437.481096956,74028.00000000023,2264465.4810969857,491691.57749456936,0.0,-0.24130960411729063,4.526685726073839,5.280994345156978,-0.7543086190831395,,,,
a7_active_all_elias_gamma_w256,dirty_trace_test,global,True,129002.0,75506.0,9161.0,,,,,,,,528752.1341595042,4.098790206039474,491691.57749456936,3.8115035231590935,7.9102937291985675,,27073.0,54953.0,571644.1441888919,295341.67564612953,242915.66561674155,9533.999999999962,252449.6656167418,491691.57749456936,0.0,-0.33249104687824627,4.593919633445704,5.37444135253998,-0.7805217190942755,,,,
a7_active_all_elias_gamma_w256,valid,active_hold_count,True,,,,,,,,,,,,,,,,,117413.0,243110.0,,,,,,,,,,5.202979932695986,,1,4.154810461880902,-1.048169470815085,0.11202472285537912
a7_active_all_elias_gamma_w256,valid,active_hold_count,True,,,,,,,,,,,,,,,,,113369.0,193791.0,,,,,,,,,,6.032046639113834,,0,5.780620052100224,-0.2514265870136103,0.10816630871702006
a7_active_all_elias_gamma_w256,valid,active_hold_count,True,,,,,,,,,,,,,,,,,64899.0,145540.0,,,,,,,,,,4.960924825210412,,2,3.82981307040344,-1.131111754806973,0.06192067734059473
a7_active_all_elias_gamma_w256,valid,active_hold_count,True,,,,,,,,,,,,,,,,,23642.0,52186.0,,,,,,,,,,5.064044544936398,,3plus,3.7820428631719993,-1.2820016817643993,0.022557029440921136
a7_active_all_elias_gamma_w256,valid,group_class,True,,,,,,,,,,,,,,,,,59704.0,149842.0,,,,,,,,,,4.512391762169137,,ln_start_ln_end,3.352804855541591,-1.1595869066275462,0.05696408449965128
a7_active_all_elias_gamma_w256,valid,group_class,True,,,,,,,,,,,,,,,,,35028.0,91234.0,,,,,,,,,,4.494434226673228,,tap_ln_end,3.7754307466453687,-0.7190034800278594,0.03342050703225554
a7_active_all_elias_gamma_w256,valid,group_class,True,,,,,,,,,,,,,,,,,43815.0,61546.0,,,,,,,,,,7.130648983572059,,ln_start,6.347445255719802,-0.7832037278522574,0.04180425704060399
a7_active_all_elias_gamma_w256,valid,group_class,True,,,,,,,,,,,,,,,,,23222.0,77065.0,,,,,,,,,,3.7689542369539573,,tap_ln_start_ln_end,2.9230165557157433,-0.8459376812382137,0.022156303936937256
a7_active_all_elias_gamma_w256,valid,group_class,True,,,,,,,,,,,,,,,,,88299.0,131967.0,,,,,,,,,,6.4594940885568155,,tap,6.267350641769594,-0.19214344678722173,0.08424681256255373
a7_active_all_elias_gamma_w256,valid,group_class,True,,,,,,,,,,,,,,,,,23461.0,56063.0,,,,,,,,,,4.894691060728829,,tap_ln_start,3.853913687397587,-1.0407773733312415,0.02238433583087094
a7_active_all_elias_gamma_w256,valid,group_class,True,,,,,,,,,,,,,,,,,45794.0,66910.0,,,,,,,,,,7.140614388913709,,ln_end,5.66675533330814,-1.4738590556055686,0.043692437451042315
a7_active_all_elias_gamma_w256,valid,boundary_bucket,True,,,,,,,,,,,,,,,,,233559.0,475783.0,,,,,,,,,,5.347159694242555,,middle,4.475878786214298,-0.8712809080282574,0.22284059044040688
a7_active_all_elias_gamma_w256,valid,boundary_bucket,True,,,,,,,,,,,,,,,,,51028.0,87518.0,,,,,,,,,,5.7433718080724905,,near_end_le12,5.03806524059364,-0.705306567478851,0.048686240517355706
a7_active_all_elias_gamma_w256,valid,boundary_bucket,True,,,,,,,,,,,,,,,,,5895.0,20389.0,,,,,,,,,,4.021458617279015,,exact_start,3.462355870520905,-0.5591027467581106,0.005624468680916593
a7_active_all_elias_gamma_w256,valid,boundary_bucket,True,,,,,,,,,,,,,,,,,28841.0,50937.0,,,,,,,,,,5.720957553645349,,near_start_le12,4.790356536820546,-0.9306010168248031,0.02751743871523587
a7_active_all_elias_gamma_w256,valid,chord_ln_mixed,True,,,,,,,,,,,,,,,,,237612.0,410265.0,,,,,,,,,,5.9601167389793,,no,5.116929088188066,-0.8431876507912348,0.2267075915538513
a7_active_all_elias_gamma_w256,valid,chord_ln_mixed,True,,,,,,,,,,,,,,,,,81711.0,224362.0,,,,,,,,,,4.345257821933966,,yes,3.502250303804156,-0.8430075181298102,0.07796114680006373
a7_active_all_elias_gamma_w256,valid,active_span,True,,,,,,,,,,,,,,,,,226081.0,489580.0,,,,,,,,,,5.081938700318979,,yes,3.989023886938992,-1.0929148133799866,0.21570576825280818
a7_active_all_elias_gamma_w256,valid,active_span,True,,,,,,,,,,,,,,,,,93242.0,145047.0,,,,,,,,,,6.426347876618629,,no,6.426347876618629,0.0,0.08896297010110686
a7_active_all_elias_gamma_w256,test,active_hold_count,True,,,,,,,,,,,,,,,,,108150.0,188204.0,,,,,,,,,,5.858054131581355,,0,5.632368900789403,-0.22568523079195257,0.1058348623853211
a7_active_all_elias_gamma_w256,test,active_hold_count,True,,,,,,,,,,,,,,,,,103774.0,218505.0,,,,,,,,,,5.08011907006569,,1,4.1261237741480015,-0.9539952959176883,0.1015525382262997
a7_active_all_elias_gamma_w256,test,active_hold_count,True,,,,,,,,,,,,,,,,,15934.0,36738.0,,,,,,,,,,4.904521415241332,,3plus,3.6212757218534826,-1.2832456933878493,0.015592905198776758
a7_active_all_elias_gamma_w256,test,active_hold_count,True,,,,,,,,,,,,,,,,,48883.0,111754.0,,,,,,,,,,4.871642982650689,,2,3.778510723290485,-1.0931322593602044,0.0478365749235474
a7_active_all_elias_gamma_w256,test,group_class,True,,,,,,,,,,,,,,,,,35004.0,47021.0,,,,,,,,,,7.340773800637616,,ln_start,6.670081962682742,-0.6706918379548741,0.03425467889908257
a7_active_all_elias_gamma_w256,test,group_class,True,,,,,,,,,,,,,,,,,86357.0,136061.0,,,,,,,,,,6.1133404069949115,,tap,5.9476626916035755,-0.16567771539133633,0.08450837920489297
a7_active_all_elias_gamma_w256,test,group_class,True,,,,,,,,,,,,,,,,,32133.0,84016.0,,,,,,,,,,4.449772985736846,,tap_ln_end,3.8136736299143417,-0.6360993558225047,0.031445137614678896
a7_active_all_elias_gamma_w256,test,group_class,True,,,,,,,,,,,,,,,,,49143.0,122380.0,,,,,,,,,,4.499604332380364,,ln_start_ln_end,3.361238309746375,-1.138366022633989,0.04809100917431193
a7_active_all_elias_gamma_w256,test,group_class,True,,,,,,,,,,,,,,,,,21358.0,70842.0,,,,,,,,,,3.7207705882153577,,tap_ln_start_ln_end,2.8573480054036335,-0.8634225828117241,0.02090079510703364
a7_active_all_elias_gamma_w256,test,group_class,True,,,,,,,,,,,,,,,,,32614.0,46845.0,,,,,,,,,,7.2272069167689565,,ln_end,5.841654553160114,-1.3855523636088427,0.03191584097859327
a7_active_all_elias_gamma_w256,test,group_class,True,,,,,,,,,,,,,,,,,20132.0,48036.0,,,,,,,,,,4.861598747449632,,tap_ln_start,3.8763799293421424,-0.9852188181074898,0.01970103975535168
a7_active_all_elias_gamma_w256,test,boundary_bucket,True,,,,,,,,,,,,,,,,,202012.0,416585.0,,,,,,,,,,5.253757074614875,,middle,4.473926865215247,-0.7798302093996287,0.19768758409785933
a7_active_all_elias_gamma_w256,test,boundary_bucket,True,,,,,,,,,,,,,,,,,46120.0,78200.0,,,,,,,,,,5.663610931684459,,near_end_le12,5.068703957613523,-0.5949069740709364,0.045132721712538224
a7_active_all_elias_gamma_w256,test,boundary_bucket,True,,,,,,,,,,,,,,,,,5308.0,18275.0,,,,,,,,,,3.9897553628188143,,exact_start,3.2825903537797285,-0.7071650090390859,0.0051943730886850155
a7_active_all_elias_gamma_w256,test,boundary_bucket,True,,,,,,,,,,,,,,,,,23301.0,42141.0,,,,,,,,,,5.522056661681409,,near_start_le12,4.6696171274396825,-0.8524395342417265,0.022802201834862385
a7_active_all_elias_gamma_w256,test,chord_ln_mixed,True,,,,,,,,,,,,,,,,,203118.0,352307.0,,,,,,,,,,5.864708394124358,,no,5.131545809019627,-0.7331625851047308,0.19876990825688073
a7_active_all_elias_gamma_w256,test,chord_ln_mixed,True,,,,,,,,,,,,,,,,,73623.0,202894.0,,,,,,,,,,4.292737659134809,,yes,3.4946111633440453,-0.7981264957907632,0.07204697247706422
a7_active_all_elias_gamma_w256,test,active_span,True,,,,,,,,,,,,,,,,,90004.0,144607.0,,,,,,,,,,6.165812333875058,,no,6.165812333875058,0.0,0.08807730886850153
a7_active_all_elias_gamma_w256,test,active_span,True,,,,,,,,,,,,,,,,,186737.0,410594.0,,,,,,,,,,4.981877257477716,,yes,3.958400567346478,-1.0234766901312389,0.18273957186544343
a7_active_all_power_bucket_w256,train,global,True,12635191.0,7649299.0,947299.0,,,,,,,,49976891.62066573,3.9553728646180124,491691.57749456936,0.03891445546763554,3.994287320085648,,2190632.0,4344136.0,53101374.882059835,23348248.943030223,19599091.681633376,624674.000001022,20223765.681636114,491691.57749456936,0.0,-0.24728421290933378,4.655417252506854,5.374658837345383,-0.7192415848385294,,,,
a7_active_all_power_bucket_w256,valid,global,True,1736653.0,1048099.0,124103.0,,,,,,,,6878934.678192082,3.961030026258603,491691.57749456936,0.2831259770918942,4.244156003350497,,319323.0,634627.0,7387478.966594429,3420138.0293637677,2817433.7409613566,94159.99999999878,2911593.740961421,491691.57749456936,0.0,-0.2928301096432895,4.587881922706441,5.3892097710367945,-0.801327848330353,,,,
a7_active_all_power_bucket_w256,test,global,True,1692725.0,1021875.0,128230.0,,,,,,,,6595043.003064435,3.8961101201107295,491691.57749456936,0.2904733949664413,4.186583515077171,,276741.0,555201.0,6993054.6038733255,2937148.5348225185,2461100.934013646,78035.99999999869,2539136.9340136275,491691.57749456936,0.0,-0.2351306921141303,4.573365202897018,5.2902435961435925,-0.7168783932465738,,,,
a7_active_all_power_bucket_w256,same_song_filtered_test,global,True,1681778.0,1014744.0,127603.0,,,,,,,,6553917.6906181825,3.8970171393716546,491691.57749456936,0.2923641393183698,4.189381278690024,,275267.0,552215.0,6950148.799172586,2921624.050526771,2447792.941972382,77599.99999999863,2525392.941972368,491691.57749456936,0.0,-0.23560250434623597,4.573205983126804,5.290736489459307,-0.7175305063325033,,,,
a7_active_all_power_bucket_w256,clean_trace_test,global,True,1563723.0,946369.0,119069.0,,,,,,,,6064129.858369088,3.878007715157408,491691.57749456936,0.3144364938640471,4.192444209021455,,249668.0,500248.0,6421410.459684497,2641806.859176088,2215378.25786071,69148.000000001,2284526.257860679,491691.57749456936,0.0,-0.22848074839048138,4.566787389176327,5.280994345156978,-0.7142069559806515,,,,
a7_active_all_power_bucket_w256,dirty_trace_test,global,True,129002.0,75506.0,9161.0,,,,,,,,530913.1446956862,4.115541965982591,491691.57749456936,3.8115035231590935,7.927045489141684,,27073.0,54953.0,571644.1441888919,295341.67564612953,245722.67615292213,8888.000000000062,254610.67615292384,491691.57749456936,0.0,-0.31573928693512965,4.633244338851816,5.37444135253998,-0.7411970136881642,,,,
a7_active_all_power_bucket_w256,valid,active_hold_count,True,,,,,,,,,,,,,,,,,117413.0,243110.0,,,,,,,,,,5.202979932695986,,1,4.212774706134829,-0.9902052265611567,0.11202472285537912
a7_active_all_power_bucket_w256,valid,active_hold_count,True,,,,,,,,,,,,,,,,,113369.0,193791.0,,,,,,,,,,6.032046639113834,,0,5.793930088603044,-0.23811655051079095,0.10816630871702006
a7_active_all_power_bucket_w256,valid,active_hold_count,True,,,,,,,,,,,,,,,,,64899.0,145540.0,,,,,,,,,,4.960924825210412,,2,3.8788186124635646,-1.0821062127468484,0.06192067734059473
a7_active_all_power_bucket_w256,valid,active_hold_count,True,,,,,,,,,,,,,,,,,23642.0,52186.0,,,,,,,,,,5.064044544936398,,3plus,3.8341952917438533,-1.2298492531925456,0.022557029440921136
a7_active_all_power_bucket_w256,valid,group_class,True,,,,,,,,,,,,,,,,,59704.0,149842.0,,,,,,,,,,4.512391762169137,,ln_start_ln_end,3.392076241441183,-1.1203155207279543,0.05696408449965128
a7_active_all_power_bucket_w256,valid,group_class,True,,,,,,,,,,,,,,,,,35028.0,91234.0,,,,,,,,,,4.494434226673228,,tap_ln_end,3.8199697645542545,-0.6744644621189737,0.03342050703225554
a7_active_all_power_bucket_w256,valid,group_class,True,,,,,,,,,,,,,,,,,43815.0,61546.0,,,,,,,,,,7.130648983572059,,ln_start,6.3853532626466505,-0.7452957209254087,0.04180425704060399
a7_active_all_power_bucket_w256,valid,group_class,True,,,,,,,,,,,,,,,,,23222.0,77065.0,,,,,,,,,,3.7689542369539573,,tap_ln_start_ln_end,2.953332378593118,-0.8156218583608394,0.022156303936937256
a7_active_all_power_bucket_w256,valid,group_class,True,,,,,,,,,,,,,,,,,88299.0,131967.0,,,,,,,,,,6.4594940885568155,,tap,6.28316581915917,-0.17632826939764581,0.08424681256255373
a7_active_all_power_bucket_w256,valid,group_class,True,,,,,,,,,,,,,,,,,23461.0,56063.0,,,,,,,,,,4.894691060728829,,tap_ln_start,3.9057149822319643,-0.9889760784968645,0.02238433583087094
a7_active_all_power_bucket_w256,valid,group_class,True,,,,,,,,,,,,,,,,,45794.0,66910.0,,,,,,,,,,7.140614388913709,,ln_end,5.770123702405997,-1.3704906865077118,0.043692437451042315
a7_active_all_power_bucket_w256,valid,boundary_bucket,True,,,,,,,,,,,,,,,,,233559.0,475783.0,,,,,,,,,,5.347159694242555,,middle,4.518926897110997,-0.828232797131559,0.22284059044040688
a7_active_all_power_bucket_w256,valid,boundary_bucket,True,,,,,,,,,,,,,,,,,51028.0,87518.0,,,,,,,,,,5.7433718080724905,,near_end_le12,5.077375508027448,-0.6659963000450426,0.048686240517355706
a7_active_all_power_bucket_w256,valid,boundary_bucket,True,,,,,,,,,,,,,,,,,5895.0,20389.0,,,,,,,,,,4.021458617279015,,exact_start,3.476552528189469,-0.5449060890895466,0.005624468680916593
a7_active_all_power_bucket_w256,valid,boundary_bucket,True,,,,,,,,,,,,,,,,,28841.0,50937.0,,,,,,,,,,5.720957553645349,,near_start_le12,4.8357768589470735,-0.8851806946982756,0.02751743871523587
a7_active_all_power_bucket_w256,valid,chord_ln_mixed,True,,,,,,,,,,,,,,,,,237612.0,410265.0,,,,,,,,,,5.9601167389793,,no,5.158904514537305,-0.8012122244419948,0.2267075915538513
a7_active_all_power_bucket_w256,valid,chord_ln_mixed,True,,,,,,,,,,,,,,,,,81711.0,224362.0,,,,,,,,,,4.345257821933966,,yes,3.5437185454949547,-0.8015392764390116,0.07796114680006373
a7_active_all_power_bucket_w256,valid,active_span,True,,,,,,,,,,,,,,,,,226081.0,489580.0,,,,,,,,,,5.081938700318979,,yes,4.043202868787511,-1.0387358315314672,0.21570576825280818
a7_active_all_power_bucket_w256,valid,active_span,True,,,,,,,,,,,,,,,,,93242.0,145047.0,,,,,,,,,,6.426347876618629,,no,6.426347876618629,0.0,0.08896297010110686
a7_active_all_power_bucket_w256,test,active_hold_count,True,,,,,,,,,,,,,,,,,108150.0,188204.0,,,,,,,,,,5.858054131581355,,0,5.64470740613034,-0.21334672545101413,0.1058348623853211
a7_active_all_power_bucket_w256,test,active_hold_count,True,,,,,,,,,,,,,,,,,103774.0,218505.0,,,,,,,,,,5.08011907006569,,1,4.184040937345296,-0.8960781327203935,0.1015525382262997
a7_active_all_power_bucket_w256,test,active_hold_count,True,,,,,,,,,,,,,,,,,15934.0,36738.0,,,,,,,,,,4.904521415241332,,3plus,3.6688466352956595,-1.2356747799456729,0.015592905198776758
a7_active_all_power_bucket_w256,test,active_hold_count,True,,,,,,,,,,,,,,,,,48883.0,111754.0,,,,,,,,,,4.871642982650689,,2,3.8276971620597875,-1.0439458205909022,0.0478365749235474
a7_active_all_power_bucket_w256,test,group_class,True,,,,,,,,,,,,,,,,,35004.0,47021.0,,,,,,,,,,7.340773800637616,,ln_start,6.704143329297455,-0.6366304713401606,0.03425467889908257
a7_active_all_power_bucket_w256,test,group_class,True,,,,,,,,,,,,,,,,,86357.0,136061.0,,,,,,,,,,6.1133404069949115,,tap,5.961886433177981,-0.15145397381693035,0.08450837920489297
a7_active_all_power_bucket_w256,test,group_class,True,,,,,,,,,,,,,,,,,32133.0,84016.0,,,,,,,,,,4.449772985736846,,tap_ln_end,3.8581929963098363,-0.5915799894270101,0.031445137614678896
a7_active_all_power_bucket_w256,test,group_class,True,,,,,,,,,,,,,,,,,49143.0,122380.0,,,,,,,,,,4.499604332380364,,ln_start_ln_end,3.402038076320606,-1.0975662560597579,0.04809100917431193
a7_active_all_power_bucket_w256,test,group_class,True,,,,,,,,,,,,,,,,,21358.0,70842.0,,,,,,,,,,3.7207705882153577,,tap_ln_start_ln_end,2.890477002545724,-0.830293585669634,0.02090079510703364
a7_active_all_power_bucket_w256,test,group_class,True,,,,,,,,,,,,,,,,,32614.0,46845.0,,,,,,,,,,7.2272069167689565,,ln_end,5.950494663276363,-1.2767122534925943,0.03191584097859327
a7_active_all_power_bucket_w256,test,group_class,True,,,,,,,,,,,,,,,,,20132.0,48036.0,,,,,,,,,,4.861598747449632,,tap_ln_start,3.928547832239569,-0.9330509152100633,0.01970103975535168
a7_active_all_power_bucket_w256,test,boundary_bucket,True,,,,,,,,,,,,,,,,,202012.0,416585.0,,,,,,,,,,5.253757074614875,,middle,4.515344187880627,-0.7384128867342487,0.19768758409785933
a7_active_all_power_bucket_w256,test,boundary_bucket,True,,,,,,,,,,,,,,,,,46120.0,78200.0,,,,,,,,,,5.663610931684459,,near_end_le12,5.105449518434127,-0.5581614132503325,0.045132721712538224
a7_active_all_power_bucket_w256,test,boundary_bucket,True,,,,,,,,,,,,,,,,,5308.0,18275.0,,,,,,,,,,3.9897553628188143,,exact_start,3.2969146772932856,-0.6928406855255286,0.0051943730886850155
a7_active_all_power_bucket_w256,test,boundary_bucket,True,,,,,,,,,,,,,,,,,23301.0,42141.0,,,,,,,,,,5.522056661681409,,near_start_le12,4.713106177746045,-0.8089504839353642,0.022802201834862385
a7_active_all_power_bucket_w256,test,chord_ln_mixed,True,,,,,,,,,,,,,,,,,203118.0,352307.0,,,,,,,,,,5.864708394124358,,no,5.170229645598812,-0.6944787485255464,0.19876990825688073
a7_active_all_power_bucket_w256,test,chord_ln_mixed,True,,,,,,,,,,,,,,,,,73623.0,202894.0,,,,,,,,,,4.292737659134809,,yes,3.5369643176324743,-0.755773341502334,0.07204697247706422
a7_active_all_power_bucket_w256,test,active_span,True,,,,,,,,,,,,,,,,,90004.0,144607.0,,,,,,,,,,6.165812333875058,,no,6.165812333875058,0.0,0.08807730886850153
a7_active_all_power_bucket_w256,test,active_span,True,,,,,,,,,,,,,,,,,186737.0,410594.0,,,,,,,,,,4.981877257477716,,yes,4.0125216390130705,-0.9693556184646459,0.18273957186544343
