variant,split,table,bucket,legal_codec,fallback_literal_count,usage_share,span_count,span_share,mean_payload_bits,mean_mode_bits,mean_residual_bits,mean_raw_bits,mean_charged_bits,mismatch_count,fallback_payload_mismatch_count,full_token_stream_mismatch_count,full_chart_mismatch_count,span_boundary_mismatch_count,transform_inverse_mismatch_count,flat_main_stream_noncontiguous_span_count,pass
c3_active_all_fixed_w256,valid,codec_usage,raw_literal,True,208026.0,0.6514594939919768,,,,,,,,,,,,,,,
c3_active_all_fixed_w256,valid,codec_usage,lz_skeleton,True,59114.0,0.18512290063665943,,,,,,,,,,,,,,,
c3_active_all_fixed_w256,valid,codec_usage,lz_exact,True,28740.0,0.09000291241157073,,,,,,,,,,,,,,,
c3_active_all_fixed_w256,valid,codec_usage,lz_mirror,True,23443.0,0.07341469295979307,,,,,,,,,,,,,,,
c3_active_all_fixed_w256,test,codec_usage,raw_literal,True,186424.0,0.67364069653575,,,,,,,,,,,,,,,
c3_active_all_fixed_w256,test,codec_usage,lz_skeleton,True,49999.0,0.1806707354530048,,,,,,,,,,,,,,,
c3_active_all_fixed_w256,test,codec_usage,lz_exact,True,22031.0,0.07960873162993558,,,,,,,,,,,,,,,
c3_active_all_fixed_w256,test,codec_usage,lz_mirror,True,18287.0,0.0660798363813096,,,,,,,,,,,,,,,
c3_active_all_fixed_w256,all,lz_span_match_type,skeleton,True,487240.0,0.5410303160858915,129341.0,0.4991509790754934,,,,,,,,,,,,,
c3_active_all_fixed_w256,all,lz_span_match_type,exact,True,230091.0,0.25549258365183247,75247.0,0.29039217048340166,,,,,,,,,,,,,
c3_active_all_fixed_w256,all,lz_span_match_type,mirror,True,183247.0,0.203477100262276,54534.0,0.21045685044110496,,,,,,,,,,,,,
c3_active_all_fixed_w256,all,lz_span_length,3plus,True,695489.0,0.7722695868653243,151169.0,0.5833892915306303,,,,,,,,,,,,,
c3_active_all_fixed_w256,all,lz_span_length,2,True,194272.0,0.21571923808931598,97136.0,0.3748658932857882,,,,,,,,,,,,,
c3_active_all_fixed_w256,all,lz_span_length,1,True,10817.0,0.012011175045359758,10817.0,0.04174481518358148,,,,,,,,,,,,,
c3_active_all_fixed_w256,all,lz_span_distance,1to16,True,287516.0,0.3192571881613808,86961.0,0.3355986755273578,,,,,,,,,,,,,
c3_active_all_fixed_w256,all,lz_span_distance,129to256,True,148238.0,0.1646031770707257,46436.0,0.179205162047221,,,,,,,,,,,,,
c3_active_all_fixed_w256,all,lz_span_distance,65to128,True,147961.0,0.16429559682781503,43124.0,0.16642353794737613,,,,,,,,,,,,,
c3_active_all_fixed_w256,all,lz_span_distance,33to64,True,161083.0,0.1788662392374675,42857.0,0.16539313527990676,,,,,,,,,,,,,
c3_active_all_fixed_w256,all,lz_span_distance,17to32,True,155780.0,0.17297779870261099,39744.0,0.15337948919813832,,,,,,,,,,,,,
c3_active_all_fixed_w256,all,lz_span_full_group_contiguous,yes,True,498171.0,0.5531680765019799,172671.0,0.6663695093430894,,,,,,,,,,,,,
c3_active_all_fixed_w256,all,lz_span_full_group_contiguous,no,True,402407.0,0.44683192349802014,86451.0,0.33363049065691064,,,,,,,,,,,,,
c3_active_all_fixed_w256,all,lz_span_target_cross_chunk,no,True,555827.0,0.6171891829469518,188550.0,0.7276495241623637,,,,,,,,,,,,,
c3_active_all_fixed_w256,all,lz_span_target_cross_chunk,yes,True,344751.0,0.38281081705304815,70572.0,0.27235047583763633,,,,,,,,,,,,,
c3_active_all_fixed_w256,all,lz_span_bits,mean,True,900578.0,,259122.0,,19.824606001536115,2.0,7.064093950178765,37.83534716870147,21.824606001536115,,,,,,,,
a1_exact_only_all_fallback_w256,valid,codec_usage,raw_literal,True,223972.0,0.7013963917412777,,,,,,,,,,,,,,,
a1_exact_only_all_fallback_w256,valid,codec_usage,lz_exact,True,95351.0,0.29860360825872234,,,,,,,,,,,,,,,
a1_exact_only_all_fallback_w256,test,codec_usage,raw_literal,True,197449.0,0.7134793904770164,,,,,,,,,,,,,,,
a1_exact_only_all_fallback_w256,test,codec_usage,lz_exact,True,79292.0,0.2865206095229836,,,,,,,,,,,,,,,
a1_exact_only_all_fallback_w256,all,lz_span_match_type,exact,True,803339.0,1.0,283705.0,1.0,,,,,,,,,,,,,
a1_exact_only_all_fallback_w256,all,lz_span_length,2,True,284502.0,0.3541493690708406,142251.0,0.5014046280467387,,,,,,,,,,,,,
a1_exact_only_all_fallback_w256,all,lz_span_length,3plus,True,476488.0,0.5931344052759794,99105.0,0.34932412188717155,,,,,,,,,,,,,
a1_exact_only_all_fallback_w256,all,lz_span_length,1,True,42349.0,0.05271622565318004,42349.0,0.14927125006608977,,,,,,,,,,,,,
a1_exact_only_all_fallback_w256,all,lz_span_distance,1to16,True,207587.0,0.25840523116641917,79016.0,0.2785146543064098,,,,,,,,,,,,,
a1_exact_only_all_fallback_w256,all,lz_span_distance,129to256,True,175908.0,0.2189710694986799,64209.0,0.226323117322571,,,,,,,,,,,,,
a1_exact_only_all_fallback_w256,all,lz_span_distance,65to128,True,153884.0,0.19155549525169324,53163.0,0.1873883082779648,,,,,,,,,,,,,
a1_exact_only_all_fallback_w256,all,lz_span_distance,33to64,True,142216.0,0.17703111637801724,46720.0,0.1646780987293139,,,,,,,,,,,,,
a1_exact_only_all_fallback_w256,all,lz_span_distance,17to32,True,123744.0,0.15403708770519045,40597.0,0.1430958213637405,,,,,,,,,,,,,
a1_exact_only_all_fallback_w256,all,lz_span_full_group_contiguous,yes,True,465251.0,0.5791465371406094,201415.0,0.7099451895454786,,,,,,,,,,,,,
a1_exact_only_all_fallback_w256,all,lz_span_full_group_contiguous,no,True,338088.0,0.4208534628593906,82290.0,0.2900548104545214,,,,,,,,,,,,,
a1_exact_only_all_fallback_w256,all,lz_span_target_cross_chunk,no,True,517611.0,0.6443245006155558,217068.0,0.7651186972383286,,,,,,,,,,,,,
a1_exact_only_all_fallback_w256,all,lz_span_target_cross_chunk,yes,True,285728.0,0.35567549938444415,66637.0,0.23488130276167146,,,,,,,,,,,,,
a1_exact_only_all_fallback_w256,all,lz_span_bits,mean,True,803339.0,,283705.0,,11.1755495506362,2.0,0.0,30.424442632232893,13.175549550636203,,,,,,,,
a2_skeleton_residual_all_fallback_w256,valid,codec_usage,lz_skeleton,True,188622.0,0.5906934358001146,,,,,,,,,,,,,,,
a2_skeleton_residual_all_fallback_w256,valid,codec_usage,raw_literal,True,130701.0,0.40930656419988537,,,,,,,,,,,,,,,
a2_skeleton_residual_all_fallback_w256,test,codec_usage,lz_skeleton,True,162669.0,0.5878023133543638,,,,,,,,,,,,,,,
a2_skeleton_residual_all_fallback_w256,test,codec_usage,raw_literal,True,114072.0,0.41219768664563616,,,,,,,,,,,,,,,
a2_skeleton_residual_all_fallback_w256,all,lz_span_match_type,skeleton,True,1619653.0,1.0,417208.0,1.0,,,,,,,,,,,,,
a2_skeleton_residual_all_fallback_w256,all,lz_span_length,3plus,True,1332527.0,0.8227237562613721,271063.0,0.6497071005349849,,,,,,,,,,,,,
a2_skeleton_residual_all_fallback_w256,all,lz_span_length,2,True,281962.0,0.17408790648367273,140981.0,0.33791538033786506,,,,,,,,,,,,,
a2_skeleton_residual_all_fallback_w256,all,lz_span_length,1,True,5164.0,0.0031883372549552282,5164.0,0.012377519127150008,,,,,,,,,,,,,
a2_skeleton_residual_all_fallback_w256,all,lz_span_distance,1to16,True,553225.0,0.3415700770473675,152517.0,0.36556585683879506,,,,,,,,,,,,,
a2_skeleton_residual_all_fallback_w256,all,lz_span_distance,33to64,True,294408.0,0.18177226850442657,69892.0,0.16752315391842917,,,,,,,,,,,,,
a2_skeleton_residual_all_fallback_w256,all,lz_span_distance,65to128,True,256282.0,0.1582326584768466,66893.0,0.16033489290713504,,,,,,,,,,,,,
a2_skeleton_residual_all_fallback_w256,all,lz_span_distance,17to32,True,287842.0,0.1777183137375722,64616.0,0.1548771835631148,,,,,,,,,,,,,
a2_skeleton_residual_all_fallback_w256,all,lz_span_distance,129to256,True,227896.0,0.1407066822337871,63290.0,0.15169891277252592,,,,,,,,,,,,,
a2_skeleton_residual_all_fallback_w256,all,lz_span_full_group_contiguous,yes,True,673751.0,0.4159847819255112,217302.0,0.5208481141301221,,,,,,,,,,,,,
a2_skeleton_residual_all_fallback_w256,all,lz_span_full_group_contiguous,no,True,945902.0,0.5840152180744888,199906.0,0.47915188586987784,,,,,,,,,,,,,
a2_skeleton_residual_all_fallback_w256,all,lz_span_target_cross_chunk,no,True,793396.0,0.4898555431317696,249611.0,0.5982891027976452,,,,,,,,,,,,,
a2_skeleton_residual_all_fallback_w256,all,lz_span_target_cross_chunk,yes,True,826257.0,0.5101444568682304,167597.0,0.4017108972023547,,,,,,,,,,,,,
a2_skeleton_residual_all_fallback_w256,all,lz_span_bits,mean,True,1619653.0,,417208.0,,23.46777877380294,2.0,12.292229223166759,41.34796292701955,25.467778773802944,,,,,,,,
a3_mirror_only_all_fallback_w256,valid,codec_usage,raw_literal,True,224164.0,0.7019976638074927,,,,,,,,,,,,,,,
a3_mirror_only_all_fallback_w256,valid,codec_usage,lz_mirror,True,95159.0,0.29800233619250727,,,,,,,,,,,,,,,
a3_mirror_only_all_fallback_w256,test,codec_usage,raw_literal,True,195108.0,0.7050202174596464,,,,,,,,,,,,,,,
a3_mirror_only_all_fallback_w256,test,codec_usage,lz_mirror,True,81633.0,0.2949797825403536,,,,,,,,,,,,,,,
a3_mirror_only_all_fallback_w256,all,lz_span_match_type,mirror,True,813471.0,1.0,287633.0,1.0,,,,,,,,,,,,,
a3_mirror_only_all_fallback_w256,all,lz_span_length,2,True,288020.0,0.3540630213000832,144010.0,0.5006727322664646,,,,,,,,,,,,,
a3_mirror_only_all_fallback_w256,all,lz_span_length,3plus,True,482106.0,0.5926529648875006,100278.0,0.3486317633929347,,,,,,,,,,,,,
a3_mirror_only_all_fallback_w256,all,lz_span_length,1,True,43345.0,0.053284013812416174,43345.0,0.1506955043406007,,,,,,,,,,,,,
a3_mirror_only_all_fallback_w256,all,lz_span_distance,1to16,True,248401.0,0.30535937974433014,92039.0,0.31998762311695805,,,,,,,,,,,,,
a3_mirror_only_all_fallback_w256,all,lz_span_distance,129to256,True,160442.0,0.19723137026396761,61258.0,0.21297278128726538,,,,,,,,,,,,,
a3_mirror_only_all_fallback_w256,all,lz_span_distance,65to128,True,145274.0,0.17858534600495898,50627.0,0.1760124881359232,,,,,,,,,,,,,
a3_mirror_only_all_fallback_w256,all,lz_span_distance,33to64,True,135930.0,0.16709876565974693,44500.0,0.15471103802414882,,,,,,,,,,,,,
a3_mirror_only_all_fallback_w256,all,lz_span_distance,17to32,True,123424.0,0.1517251383269963,39209.0,0.13631606943570454,,,,,,,,,,,,,
a3_mirror_only_all_fallback_w256,all,lz_span_full_group_contiguous,yes,True,474565.0,0.5833828126632664,205354.0,0.7139445056721586,,,,,,,,,,,,,
a3_mirror_only_all_fallback_w256,all,lz_span_full_group_contiguous,no,True,338906.0,0.4166171873367336,82279.0,0.2860554943278414,,,,,,,,,,,,,
a3_mirror_only_all_fallback_w256,all,lz_span_target_cross_chunk,no,True,526749.0,0.6475326102590012,221475.0,0.769991621267379,,,,,,,,,,,,,
a3_mirror_only_all_fallback_w256,all,lz_span_target_cross_chunk,yes,True,286722.0,0.3524673897409988,66158.0,0.2300083787326211,,,,,,,,,,,,,
a3_mirror_only_all_fallback_w256,all,lz_span_bits,mean,True,813471.0,,287633.0,,11.1755495506362,2.0,0.0,30.419986864464907,13.175549550636203,,,,,,,,
a5_non_active_all_fixed_w256,valid,codec_usage,raw_literal,True,283429.0,0.8875934398712275,,,,,,,,,,,,,,,
a5_non_active_all_fixed_w256,valid,codec_usage,lz_skeleton,True,19789.0,0.0619717339496372,,,,,,,,,,,,,,,
a5_non_active_all_fixed_w256,valid,codec_usage,lz_exact,True,10875.0,0.03405642562546387,,,,,,,,,,,,,,,
a5_non_active_all_fixed_w256,valid,codec_usage,lz_mirror,True,5230.0,0.01637840055367136,,,,,,,,,,,,,,,
a5_non_active_all_fixed_w256,test,codec_usage,raw_literal,True,240681.0,0.8696976595444839,,,,,,,,,,,,,,,
a5_non_active_all_fixed_w256,test,codec_usage,lz_skeleton,True,21978.0,0.07941721682005919,,,,,,,,,,,,,,,
a5_non_active_all_fixed_w256,test,codec_usage,lz_exact,True,8867.0,0.03204078904101669,,,,,,,,,,,,,,,
a5_non_active_all_fixed_w256,test,codec_usage,lz_mirror,True,5215.0,0.01884433459444029,,,,,,,,,,,,,,,
a5_non_active_all_fixed_w256,all,lz_span_match_type,skeleton,True,199616.0,0.5804106745134071,58174.0,0.5425717456794038,,,,,,,,,,,,,
a5_non_active_all_fixed_w256,all,lz_span_match_type,exact,True,90399.0,0.2628473898151325,30611.0,0.2854997714957237,,,,,,,,,,,,,
a5_non_active_all_fixed_w256,all,lz_span_match_type,mirror,True,53907.0,0.1567419356714604,18434.0,0.17192848282487247,,,,,,,,,,,,,
a5_non_active_all_fixed_w256,all,lz_span_length,3plus,True,240915.0,0.7004931350713243,53911.0,0.5028120016041933,,,,,,,,,,,,,
a5_non_active_all_fixed_w256,all,lz_span_length,2,True,99398.0,0.2890132064828653,49699.0,0.4635279194918811,,,,,,,,,,,,,
a5_non_active_all_fixed_w256,all,lz_span_length,1,True,3609.0,0.010493658445810388,3609.0,0.03366007890392561,,,,,,,,,,,,,
a5_non_active_all_fixed_w256,all,lz_span_distance,1to16,True,141751.0,0.4121603154203569,44926.0,0.4190115557876869,,,,,,,,,,,,,
a5_non_active_all_fixed_w256,all,lz_span_distance,65to128,True,49897.0,0.14508231517611553,16150.0,0.15062628825114951,,,,,,,,,,,,,
a5_non_active_all_fixed_w256,all,lz_span_distance,33to64,True,53258.0,0.15485487988555544,16021.0,0.1494231432861713,,,,,,,,,,,,,
a5_non_active_all_fixed_w256,all,lz_span_distance,17to32,True,54579.0,0.1586958670861416,15087.0,0.14071200067152276,,,,,,,,,,,,,
a5_non_active_all_fixed_w256,all,lz_span_distance,129to256,True,44437.0,0.12920662243183048,15035.0,0.14022701200346954,,,,,,,,,,,,,
a5_non_active_all_fixed_w256,all,lz_span_full_group_contiguous,no,True,236766.0,0.6884293531672879,62672.0,0.5845232654660089,,,,,,,,,,,,,
a5_non_active_all_fixed_w256,all,lz_span_full_group_contiguous,yes,True,107156.0,0.3115706468327121,44547.0,0.4154767345339912,,,,,,,,,,,,,
a5_non_active_all_fixed_w256,all,lz_span_target_cross_chunk,no,True,136221.0,0.3960810881537093,54122.0,0.5047799363918708,,,,,,,,,,,,,
a5_non_active_all_fixed_w256,all,lz_span_target_cross_chunk,yes,True,207701.0,0.6039189118462908,53097.0,0.49522006360812915,,,,,,,,,,,,,
a5_non_active_all_fixed_w256,all,lz_span_bits,mean,True,343922.0,,107219.0,,16.801795119028302,2.0,4.041283067670953,32.86266281836746,18.801795119028302,,,,,,,,
a6_active_all_fixed_w16,valid,codec_usage,raw_literal,True,229100.0,0.7174553665097723,,,,,,,,,,,,,,,
a6_active_all_fixed_w16,valid,codec_usage,lz_skeleton,True,60122.0,0.18827957898428863,,,,,,,,,,,,,,,
a6_active_all_fixed_w16,valid,codec_usage,lz_mirror,True,15522.0,0.04860908860307588,,,,,,,,,,,,,,,
a6_active_all_fixed_w16,valid,codec_usage,lz_exact,True,14579.0,0.04565596590286324,,,,,,,,,,,,,,,
a6_active_all_fixed_w16,test,codec_usage,raw_literal,True,200330.0,0.7238898464629383,,,,,,,,,,,,,,,
a6_active_all_fixed_w16,test,codec_usage,lz_skeleton,True,52307.0,0.18901066340007444,,,,,,,,,,,,,,,
a6_active_all_fixed_w16,test,codec_usage,lz_mirror,True,12816.0,0.046310449120296596,,,,,,,,,,,,,,,
a6_active_all_fixed_w16,test,codec_usage,lz_exact,True,11288.0,0.040789041016690696,,,,,,,,,,,,,,,
a6_active_all_fixed_w16,all,lz_span_match_type,skeleton,True,497178.0,0.6666800759501819,172363.0,0.558399989633042,,,,,,,,,,,,,
a6_active_all_fixed_w16,all,lz_span_match_type,exact,True,118902.0,0.1594390628519937,69428.0,0.22492411062839962,,,,,,,,,,,,,
a6_active_all_fixed_w16,all,lz_span_match_type,mirror,True,129672.0,0.17388086119782448,66882.0,0.21667589973855828,,,,,,,,,,,,,
a6_active_all_fixed_w16,all,lz_span_length,2,True,254752.0,0.341604179405486,127376.0,0.4126567597425107,,,,,,,,,,,,,
a6_active_all_fixed_w16,all,lz_span_length,3plus,True,406460.0,0.5450337377573241,96757.0,0.3134611708831028,,,,,,,,,,,,,
a6_active_all_fixed_w16,all,lz_span_length,1,True,84540.0,0.11336208283718985,84540.0,0.27388206937438647,,,,,,,,,,,,,
a6_active_all_fixed_w16,all,lz_span_distance,1to16,True,745752.0,1.0,308673.0,1.0,,,,,,,,,,,,,
a6_active_all_fixed_w16,all,lz_span_full_group_contiguous,yes,True,512216.0,0.6868449565002843,244929.0,0.7934901983652604,,,,,,,,,,,,,
a6_active_all_fixed_w16,all,lz_span_full_group_contiguous,no,True,233536.0,0.31315504349971574,63744.0,0.20650980163473967,,,,,,,,,,,,,
a6_active_all_fixed_w16,all,lz_span_target_cross_chunk,no,True,558940.0,0.7494984927965329,260381.0,0.8435496463895449,,,,,,,,,,,,,
a6_active_all_fixed_w16,all,lz_span_target_cross_chunk,yes,True,186812.0,0.2505015072034671,48292.0,0.1564503536104551,,,,,,,,,,,,,
a6_active_all_fixed_w16,all,lz_span_bits,mean,True,745752.0,,308673.0,,14.922520851548562,2.0,6.080170508134752,26.34453844373173,16.922520851548562,,,,,,,,
a6_active_all_fixed_w32,valid,codec_usage,raw_literal,True,218985.0,0.6857789761464097,,,,,,,,,,,,,,,
a6_active_all_fixed_w32,valid,codec_usage,lz_skeleton,True,65278.0,0.2044262392624396,,,,,,,,,,,,,,,
a6_active_all_fixed_w32,valid,codec_usage,lz_exact,True,17787.0,0.05570222000920698,,,,,,,,,,,,,,,
a6_active_all_fixed_w32,valid,codec_usage,lz_mirror,True,17273.0,0.054092564581943677,,,,,,,,,,,,,,,
a6_active_all_fixed_w32,test,codec_usage,raw_literal,True,193469.0,0.6990977123013937,,,,,,,,,,,,,,,
a6_active_all_fixed_w32,test,codec_usage,lz_skeleton,True,56225.0,0.20316830538301156,,,,,,,,,,,,,,,
a6_active_all_fixed_w32,test,codec_usage,lz_mirror,True,13636.0,0.049273508442912325,,,,,,,,,,,,,,,
a6_active_all_fixed_w32,test,codec_usage,lz_exact,True,13411.0,0.0484604738726824,,,,,,,,,,,,,,,
a6_active_all_fixed_w32,all,lz_span_match_type,skeleton,True,540158.0,0.6572608513662159,173126.0,0.5875230341635247,,,,,,,,,,,,,
a6_active_all_fixed_w32,all,lz_span_match_type,exact,True,140208.0,0.17060421107963672,64954.0,0.22042888509558117,,,,,,,,,,,,,
a6_active_all_fixed_w32,all,lz_span_match_type,mirror,True,141466.0,0.17213493755414733,56591.0,0.19204808074089408,,,,,,,,,,,,,
a6_active_all_fixed_w32,all,lz_span_length,2,True,255412.0,0.31078371248625025,127706.0,0.43338502940567614,,,,,,,,,,,,,
a6_active_all_fixed_w32,all,lz_span_length,3plus,True,516550.0,0.6285347856982936,117095.0,0.3973753779638987,,,,,,,,,,,,,
a6_active_all_fixed_w32,all,lz_span_length,1,True,49870.0,0.0606815018154562,49870.0,0.16923959263042512,,,,,,,,,,,,,
a6_active_all_fixed_w32,all,lz_span_distance,1to16,True,477076.0,0.5805030711872986,178200.0,0.6047422379535142,,,,,,,,,,,,,
a6_active_all_fixed_w32,all,lz_span_distance,17to32,True,344756.0,0.4194969288127014,116471.0,0.3952577620464857,,,,,,,,,,,,,
a6_active_all_fixed_w32,all,lz_span_full_group_contiguous,yes,True,519137.0,0.6316826310000098,219867.0,0.7461440046696146,,,,,,,,,,,,,
a6_active_all_fixed_w32,all,lz_span_full_group_contiguous,no,True,302695.0,0.3683173689999903,74804.0,0.2538559953303854,,,,,,,,,,,,,
a6_active_all_fixed_w32,all,lz_span_target_cross_chunk,no,True,571999.0,0.6960047795656533,236256.0,0.8017619650389757,,,,,,,,,,,,,
a6_active_all_fixed_w32,all,lz_span_target_cross_chunk,yes,True,249833.0,0.3039952204343467,58415.0,0.19823803496102432,,,,,,,,,,,,,
a6_active_all_fixed_w32,all,lz_span_bits,mean,True,821832.0,,294671.0,,16.686650672499663,2.0,6.887369050977749,30.43222823281485,18.686650672499663,,,,,,,,
a6_active_all_fixed_w64,valid,codec_usage,raw_literal,True,213660.0,0.6691030711849757,,,,,,,,,,,,,,,
a6_active_all_fixed_w64,valid,codec_usage,lz_skeleton,True,64888.0,0.2032049053779402,,,,,,,,,,,,,,,
a6_active_all_fixed_w64,valid,codec_usage,lz_exact,True,21678.0,0.06788737422609709,,,,,,,,,,,,,,,
a6_active_all_fixed_w64,valid,codec_usage,lz_mirror,True,19097.0,0.05980464921098699,,,,,,,,,,,,,,,
a6_active_all_fixed_w64,test,codec_usage,raw_literal,True,189665.0,0.6853520078340398,,,,,,,,,,,,,,,
a6_active_all_fixed_w64,test,codec_usage,lz_skeleton,True,54880.0,0.198308165396526,,,,,,,,,,,,,,,
a6_active_all_fixed_w64,test,codec_usage,lz_exact,True,16232.0,0.058654120639876274,,,,,,,,,,,,,,,
a6_active_all_fixed_w64,test,codec_usage,lz_mirror,True,15964.0,0.057685706129557965,,,,,,,,,,,,,,,
a6_active_all_fixed_w64,all,lz_span_match_type,skeleton,True,530466.0,0.6182335219425781,157973.0,0.5647823071367793,,,,,,,,,,,,,
a6_active_all_fixed_w64,all,lz_span_match_type,exact,True,170950.0,0.19923429696923786,67434.0,0.24108885758617976,,,,,,,,,,,,,
a6_active_all_fixed_w64,all,lz_span_match_type,mirror,True,156619.0,0.18253218108818406,54299.0,0.1941288352770409,,,,,,,,,,,,,
a6_active_all_fixed_w64,all,lz_span_length,3plus,True,595856.0,0.6944425343954501,132228.0,0.4727392333378619,,,,,,,,,,,,,
a6_active_all_fixed_w64,all,lz_span_length,2,True,229402.0,0.26735739218097165,114701.0,0.41007700943133146,,,,,,,,,,,,,
a6_active_all_fixed_w64,all,lz_span_length,1,True,32777.0,0.03820007342357829,32777.0,0.11718375723080664,,,,,,,,,,,,,
a6_active_all_fixed_w64,all,lz_span_distance,1to16,True,373577.0,0.43538666837599865,127811.0,0.45694765217764366,,,,,,,,,,,,,
a6_active_all_fixed_w64,all,lz_span_distance,33to64,True,277084.0,0.3229285518655999,89941.0,0.3215554904077853,,,,,,,,,,,,,
a6_active_all_fixed_w64,all,lz_span_distance,17to32,True,207374.0,0.24168477975840147,61954.0,0.221496857414571,,,,,,,,,,,,,
a6_active_all_fixed_w64,all,lz_span_full_group_contiguous,yes,True,510503.0,0.5949675712529209,199306.0,0.7125553259493898,,,,,,,,,,,,,
a6_active_all_fixed_w64,all,lz_span_full_group_contiguous,no,True,347532.0,0.40503242874707907,80400.0,0.2874446740506103,,,,,,,,,,,,,
a6_active_all_fixed_w64,all,lz_span_target_cross_chunk,no,True,566246.0,0.6599334525980874,215610.0,0.7708451016424388,,,,,,,,,,,,,
a6_active_all_fixed_w64,all,lz_span_target_cross_chunk,yes,True,291789.0,0.3400665474019125,64096.0,0.22915489835756114,,,,,,,,,,,,,
a6_active_all_fixed_w64,all,lz_span_bits,mean,True,858035.0,,279706.0,,17.872847542774398,2.0,7.0955922275824745,33.51515920743597,19.872847542774398,,,,,,,,
a6_active_all_fixed_w128,valid,codec_usage,raw_literal,True,211395.0,0.6620099397788446,,,,,,,,,,,,,,,
a6_active_all_fixed_w128,valid,codec_usage,lz_skeleton,True,61705.0,0.19323694190521823,,,,,,,,,,,,,,,
a6_active_all_fixed_w128,valid,codec_usage,lz_exact,True,24813.0,0.07770501968226529,,,,,,,,,,,,,,,
a6_active_all_fixed_w128,valid,codec_usage,lz_mirror,True,21410.0,0.06704809863367187,,,,,,,,,,,,,,,
a6_active_all_fixed_w128,test,codec_usage,raw_literal,True,188170.0,0.6799498448007343,,,,,,,,,,,,,,,
a6_active_all_fixed_w128,test,codec_usage,lz_skeleton,True,52111.0,0.1883024199522297,,,,,,,,,,,,,,,
a6_active_all_fixed_w128,test,codec_usage,lz_exact,True,19289.0,0.06970055033406687,,,,,,,,,,,,,,,
a6_active_all_fixed_w128,test,codec_usage,lz_mirror,True,17171.0,0.062047184912969164,,,,,,,,,,,,,,,
a6_active_all_fixed_w128,all,lz_span_match_type,skeleton,True,506689.0,0.5776471795339505,141177.0,0.5329062845624511,,,,,,,,,,,,,
a6_active_all_fixed_w128,all,lz_span_match_type,exact,True,199282.0,0.22719002234484018,70001.0,0.26423548329866864,,,,,,,,,,,,,
a6_active_all_fixed_w128,all,lz_span_match_type,mirror,True,171189.0,0.19516279812120935,53741.0,0.20285823213888018,,,,,,,,,,,,,
a6_active_all_fixed_w128,all,lz_span_length,3plus,True,653592.0,0.7451228966209129,143514.0,0.5417278488896606,,,,,,,,,,,,,
a6_active_all_fixed_w128,all,lz_span_length,2,True,204326.0,0.23294039855898582,102163.0,0.385638629165896,,,,,,,,,,,,,
a6_active_all_fixed_w128,all,lz_span_length,1,True,19242.0,0.021936704820101235,19242.0,0.07263352194444339,,,,,,,,,,,,,
a6_active_all_fixed_w128,all,lz_span_distance,1to16,True,319490.0,0.36423229513429706,101309.0,0.3824150023214643,,,,,,,,,,,,,
a6_active_all_fixed_w128,all,lz_span_distance,65to128,True,200339.0,0.2283950476537918,64264.0,0.24257980741283186,,,,,,,,,,,,,
a6_active_all_fixed_w128,all,lz_span_distance,33to64,True,184626.0,0.2104815541064344,52853.0,0.19950626417886222,,,,,,,,,,,,,
a6_active_all_fixed_w128,all,lz_span_distance,17to32,True,172705.0,0.19689110310547678,46493.0,0.17549892608684164,,,,,,,,,,,,,
a6_active_all_fixed_w128,all,lz_span_full_group_contiguous,yes,True,500888.0,0.5710337908705367,181649.0,0.6856775089744412,,,,,,,,,,,,,
a6_active_all_fixed_w128,all,lz_span_full_group_contiguous,no,True,376272.0,0.42896620912946326,83270.0,0.31432249102555876,,,,,,,,,,,,,
a6_active_all_fixed_w128,all,lz_span_target_cross_chunk,no,True,557694.0,0.6357950658944777,197626.0,0.7459865090839086,,,,,,,,,,,,,
a6_active_all_fixed_w128,all,lz_span_target_cross_chunk,yes,True,319466.0,0.36420493410552235,67293.0,0.2540134909160913,,,,,,,,,,,,,
a6_active_all_fixed_w128,all,lz_span_bits,mean,True,877160.0,,264919.0,,18.941643330855353,2.0,7.175528573268624,36.143081439702975,20.94164333085535,,,,,,,,
a6_active_all_fixed_w512,valid,codec_usage,raw_literal,True,205289.0,0.642888235423067,,,,,,,,,,,,,,,
a6_active_all_fixed_w512,valid,codec_usage,lz_skeleton,True,55964.0,0.17525828080031816,,,,,,,,,,,,,,,
a6_active_all_fixed_w512,valid,codec_usage,lz_exact,True,33306.0,0.10430191373624825,,,,,,,,,,,,,,,
a6_active_all_fixed_w512,valid,codec_usage,lz_mirror,True,24764.0,0.07755157004036665,,,,,,,,,,,,,,,
a6_active_all_fixed_w512,test,codec_usage,raw_literal,True,184953.0,0.6683252571899357,,,,,,,,,,,,,,,
a6_active_all_fixed_w512,test,codec_usage,lz_skeleton,True,47818.0,0.17278972035224271,,,,,,,,,,,,,,,
a6_active_all_fixed_w512,test,codec_usage,lz_exact,True,24690.0,0.0892169935065639,,,,,,,,,,,,,,,
a6_active_all_fixed_w512,test,codec_usage,lz_mirror,True,19280.0,0.06966802895125768,,,,,,,,,,,,,,,
a6_active_all_fixed_w512,all,lz_span_match_type,skeleton,True,463249.0,0.506009870081071,118578.0,0.4652690311113204,,,,,,,,,,,,,
a6_active_all_fixed_w512,all,lz_span_match_type,exact,True,257960.0,0.2817713715218232,80597.0,0.3162415296301092,,,,,,,,,,,,,
a6_active_all_fixed_w512,all,lz_span_match_type,mirror,True,194285.0,0.21221875839710583,55684.0,0.21848943925857042,,,,,,,,,,,,,
a6_active_all_fixed_w512,all,lz_span_length,3plus,True,719548.0,0.7859669205915057,153924.0,0.603957482372606,,,,,,,,,,,,,
a6_active_all_fixed_w512,all,lz_span_length,2,True,190022.0,0.207562256006047,95011.0,0.372798292389125,,,,,,,,,,,,,
a6_active_all_fixed_w512,all,lz_span_length,1,True,5924.0,0.006470823402447204,5924.0,0.023244225238269002,,,,,,,,,,,,,
a6_active_all_fixed_w512,all,lz_span_distance,1to16,True,267236.0,0.2919036061405099,78576.0,0.3083116546796464,,,,,,,,,,,,,
a6_active_all_fixed_w512,all,lz_span_distance,33to64,True,146959.0,0.16052426340314627,37620.0,0.14761103198239026,,,,,,,,,,,,,
a6_active_all_fixed_w512,all,lz_span_distance,65to128,True,131117.0,0.14321994464190918,36308.0,0.14246308743265884,,,,,,,,,,,,,
a6_active_all_fixed_w512,all,lz_span_distance,17to32,True,145337.0,0.15875254234325947,35902.0,0.1408700497137633,,,,,,,,,,,,,
a6_active_all_fixed_w512,all,lz_span_distance,129to256,True,116407.0,0.12715211678066704,34156.0,0.13401920277486767,,,,,,,,,,,,,
a6_active_all_fixed_w512,all,lz_span_distance,257to512,True,108438.0,0.11844752669050808,32297.0,0.12672497341667352,,,,,,,,,,,,,
a6_active_all_fixed_w512,all,lz_span_full_group_contiguous,yes,True,494877.0,0.5405573384424147,166968.0,0.6551387237649053,,,,,,,,,,,,,
a6_active_all_fixed_w512,all,lz_span_full_group_contiguous,no,True,420617.0,0.4594426615575853,87891.0,0.3448612762350947,,,,,,,,,,,,,
a6_active_all_fixed_w512,all,lz_span_target_cross_chunk,no,True,552492.0,0.6034905744876536,182608.0,0.7165059895863988,,,,,,,,,,,,,
a6_active_all_fixed_w512,all,lz_span_target_cross_chunk,yes,True,363002.0,0.39650942551234636,72251.0,0.2834940104136012,,,,,,,,,,,,,
a6_active_all_fixed_w512,all,lz_span_bits,mean,True,915494.0,,254859.0,,20.571232893885885,2.0,6.813530376115359,39.028059124133485,22.571232893885885,,,,,,,,
a6_active_all_fixed_w1024,valid,codec_usage,raw_literal,True,205252.0,0.6427723652853067,,,,,,,,,,,,,,,
a6_active_all_fixed_w1024,valid,codec_usage,lz_skeleton,True,52372.0,0.16400948256154427,,,,,,,,,,,,,,,
a6_active_all_fixed_w1024,valid,codec_usage,lz_exact,True,36401.0,0.11399429417862164,,,,,,,,,,,,,,,
a6_active_all_fixed_w1024,valid,codec_usage,lz_mirror,True,25298.0,0.07922385797452736,,,,,,,,,,,,,,,
a6_active_all_fixed_w1024,test,codec_usage,raw_literal,True,185688.0,0.6709811701193534,,,,,,,,,,,,,,,
a6_active_all_fixed_w1024,test,codec_usage,lz_skeleton,True,45082.0,0.1629032199782468,,,,,,,,,,,,,,,
a6_active_all_fixed_w1024,test,codec_usage,lz_exact,True,26079.0,0.09423612692011664,,,,,,,,,,,,,,,
a6_active_all_fixed_w1024,test,codec_usage,lz_mirror,True,19892.0,0.07187948298228307,,,,,,,,,,,,,,,
a6_active_all_fixed_w1024,all,lz_span_match_type,skeleton,True,435605.0,0.47976549472770647,106864.0,0.43555381655743586,,,,,,,,,,,,,
a6_active_all_fixed_w1024,all,lz_span_match_type,exact,True,274379.0,0.30219482484795485,82931.0,0.33800824937233037,,,,,,,,,,,,,
a6_active_all_fixed_w1024,all,lz_span_match_type,mirror,True,197970.0,0.2180396804243387,55557.0,0.2264379340702338,,,,,,,,,,,,,
a6_active_all_fixed_w1024,all,lz_span_length,3plus,True,726383.0,0.8000218072721745,153095.0,0.6239810557892335,,,,,,,,,,,,,
a6_active_all_fixed_w1024,all,lz_span_length,2,True,178628.0,0.19673683909096717,89314.0,0.3640239329616225,,,,,,,,,,,,,
a6_active_all_fixed_w1024,all,lz_span_length,1,True,2943.0,0.003241353636858255,2943.0,0.011995011249144087,,,,,,,,,,,,,
a6_active_all_fixed_w1024,all,lz_span_distance,1to16,True,253576.0,0.279282871158671,72778.0,0.2966268870846783,,,,,,,,,,,,,
a6_active_all_fixed_w1024,all,lz_span_distance,33to64,True,139643.0,0.1537996418320752,34763.0,0.1416862303955134,,,,,,,,,,,,,
a6_active_all_fixed_w1024,all,lz_span_distance,17to32,True,139444.0,0.1535804677329468,33590.0,0.13690534415859662,,,,,,,,,,,,,
a6_active_all_fixed_w1024,all,lz_span_distance,65to128,True,121958.0,0.13432178282159668,32667.0,0.13314340213244644,,,,,,,,,,,,,
a6_active_all_fixed_w1024,all,lz_span_distance,129to256,True,106779.0,0.11760397553180008,30161.0,0.12292950536372232,,,,,,,,,,,,,
a6_active_all_fixed_w1024,all,lz_span_distance,257to512,True,90441.0,0.09960967185562264,25516.0,0.10399752192767941,,,,,,,,,,,,,
a6_active_all_fixed_w1024,all,lz_span_distance,513to1024,True,56113.0,0.06180158906728755,15877.0,0.06471110893736347,,,,,,,,,,,,,
a6_active_all_fixed_w1024,all,lz_span_full_group_contiguous,yes,True,482709.0,0.5316447749555594,158628.0,0.6465323290619192,,,,,,,,,,,,,
a6_active_all_fixed_w1024,all,lz_span_full_group_contiguous,no,True,425245.0,0.4683552250444406,86724.0,0.3534676709380808,,,,,,,,,,,,,
a6_active_all_fixed_w1024,all,lz_span_target_cross_chunk,no,True,539417.0,0.594101683565467,173693.0,0.7079339072027129,,,,,,,,,,,,,
a6_active_all_fixed_w1024,all,lz_span_target_cross_chunk,yes,True,368537.0,0.405898316434533,71659.0,0.2920660927972872,,,,,,,,,,,,,
a6_active_all_fixed_w1024,all,lz_span_bits,mean,True,907954.0,,245352.0,,21.43918276231734,2.0,6.682887065761073,40.19879318500684,23.439182762317348,,,,,,,,
a6_active_all_fixed_full_history,valid,codec_usage,raw_literal,True,197102.0,0.6172496187246143,,,,,,,,,,,,,,,
a6_active_all_fixed_full_history,valid,codec_usage,lz_skeleton,True,58101.0,0.18195056416230587,,,,,,,,,,,,,,,
a6_active_all_fixed_full_history,valid,codec_usage,lz_exact,True,38172.0,0.11954040266438684,,,,,,,,,,,,,,,
a6_active_all_fixed_full_history,valid,codec_usage,lz_mirror,True,25948.0,0.08125941444869302,,,,,,,,,,,,,,,
a6_active_all_fixed_full_history,test,codec_usage,raw_literal,True,178497.0,0.6449965852548051,,,,,,,,,,,,,,,
a6_active_all_fixed_full_history,test,codec_usage,lz_skeleton,True,50521.0,0.18255697565593823,,,,,,,,,,,,,,,
a6_active_all_fixed_full_history,test,codec_usage,lz_exact,True,27244.0,0.09844583925041826,,,,,,,,,,,,,,,
a6_active_all_fixed_full_history,test,codec_usage,lz_mirror,True,20479.0,0.07400059983883849,,,,,,,,,,,,,,,
a6_active_all_fixed_full_history,all,lz_span_match_type,skeleton,True,491436.0,0.49950601924695376,134330.0,0.4636881728966962,,,,,,,,,,,,,
a6_active_all_fixed_full_history,all,lz_span_match_type,exact,True,288674.0,0.29341440309642586,93662.0,0.32330798518462267,,,,,,,,,,,,,
a6_active_all_fixed_full_history,all,lz_span_match_type,mirror,True,203734.0,0.20707957765662036,61707.0,0.2130038419186811,,,,,,,,,,,,,
a6_active_all_fixed_full_history,all,lz_span_length,3plus,True,739755.0,0.7519027406784002,157276.0,0.5428945215551314,,,,,,,,,,,,,
a6_active_all_fixed_full_history,all,lz_span_length,2,True,223332.0,0.2269994023442741,111666.0,0.3854552483784894,,,,,,,,,,,,,
a6_active_all_fixed_full_history,all,lz_span_length,1,True,20757.0,0.021097856977325673,20757.0,0.07165023006637924,,,,,,,,,,,,,
a6_active_all_fixed_full_history,all,lz_span_distance,1to16,True,289847.0,0.2946066652843337,96000.0,0.331378430716019,,,,,,,,,,,,,
a6_active_all_fixed_full_history,all,lz_span_distance,33to64,True,148975.0,0.1514213635495058,40257.0,0.1389614738055706,,,,,,,,,,,,,
a6_active_all_fixed_full_history,all,lz_span_distance,17to32,True,149427.0,0.15188078597826485,39607.0,0.13671776568093089,,,,,,,,,,,,,
a6_active_all_fixed_full_history,all,lz_span_distance,65to128,True,129245.0,0.1313673712499136,37120.0,0.12813299321019403,,,,,,,,,,,,,
a6_active_all_fixed_full_history,all,lz_span_distance,129to256,True,110428.0,0.11224137159956253,32467.0,0.11207149489642698,,,,,,,,,,,,,
a6_active_all_fixed_full_history,all,lz_span_distance,257to512,True,90663.0,0.09215180455438057,25933.0,0.08951705045581794,,,,,,,,,,,,,
a6_active_all_fixed_full_history,all,lz_span_distance,513to1024,True,51801.0,0.052651639894129555,14526.0,0.05014169879771763,,,,,,,,,,,,,
a6_active_all_fixed_full_history,all,lz_span_distance,1025plus,True,13458.0,0.013678997889909375,3789.0,0.013079092437322876,,,,,,,,,,,,,
a6_active_all_fixed_full_history,all,lz_span_full_group_contiguous,yes,True,538486.0,0.5473286415326007,194090.0,0.6699712460174181,,,,,,,,,,,,,
a6_active_all_fixed_full_history,all,lz_span_full_group_contiguous,no,True,445358.0,0.4526713584673993,95609.0,0.3300287539825819,,,,,,,,,,,,,
a6_active_all_fixed_full_history,all,lz_span_target_cross_chunk,no,True,600209.0,0.6100652135907725,211363.0,0.7295952005357285,,,,,,,,,,,,,
a6_active_all_fixed_full_history,all,lz_span_target_cross_chunk,yes,True,383635.0,0.38993478640922746,78336.0,0.27040479946427154,,,,,,,,,,,,,
a6_active_all_fixed_full_history,all,lz_span_bits,mean,True,983844.0,,289699.0,,18.969135010645306,2.0,6.402006320983885,37.00043547724181,20.969135010645306,,,,,,,,
a7_active_all_elias_gamma_w256,valid,codec_usage,raw_literal,True,190506.0,0.5965934179498501,,,,,,,,,,,,,,,
a7_active_all_elias_gamma_w256,valid,codec_usage,lz_skeleton,True,66276.0,0.2075516013566201,,,,,,,,,,,,,,,
a7_active_all_elias_gamma_w256,valid,codec_usage,lz_mirror,True,33857.0,0.10602743930127176,,,,,,,,,,,,,,,
a7_active_all_elias_gamma_w256,valid,codec_usage,lz_exact,True,28684.0,0.089827541392258,,,,,,,,,,,,,,,
a7_active_all_elias_gamma_w256,test,codec_usage,raw_literal,True,170532.0,0.6162151614686656,,,,,,,,,,,,,,,
a7_active_all_elias_gamma_w256,test,codec_usage,lz_skeleton,True,56385.0,0.2037464632996195,,,,,,,,,,,,,,,
a7_active_all_elias_gamma_w256,test,codec_usage,lz_mirror,True,27193.0,0.09826155141449948,,,,,,,,,,,,,,,
a7_active_all_elias_gamma_w256,test,codec_usage,lz_exact,True,22631.0,0.08177682381721538,,,,,,,,,,,,,,,
a7_active_all_elias_gamma_w256,all,lz_span_match_type,skeleton,True,551073.0,0.5201461502013294,190905.0,0.4480559714979088,,,,,,,,,,,,,
a7_active_all_elias_gamma_w256,all,lz_span_match_type,mirror,True,272019.0,0.2567529812413517,126296.0,0.29641799311856626,,,,,,,,,,,,,
a7_active_all_elias_gamma_w256,all,lz_span_match_type,exact,True,236366.0,0.22310086855731892,108873.0,0.2555260353835249,,,,,,,,,,,,,
a7_active_all_elias_gamma_w256,all,lz_span_length,1,True,177477.0,0.1675167868853697,177477.0,0.41654031928726,,,,,,,,,,,,,
a7_active_all_elias_gamma_w256,all,lz_span_length,3plus,True,672431.0,0.6346933998327446,143822.0,0.3375516928984167,,,,,,,,,,,,,
a7_active_all_elias_gamma_w256,all,lz_span_length,2,True,209550.0,0.19778981328188563,104775.0,0.24590798781432333,,,,,,,,,,,,,
a7_active_all_elias_gamma_w256,all,lz_span_distance,1to16,True,608600.0,0.5744446688778602,315713.0,0.7409816135225337,,,,,,,,,,,,,
a7_active_all_elias_gamma_w256,all,lz_span_distance,17to32,True,160765.0,0.15174268352308445,41685.0,0.09783511784337932,,,,,,,,,,,,,
a7_active_all_elias_gamma_w256,all,lz_span_distance,33to64,True,128637.0,0.1214177437897491,31641.0,0.07426174795927468,,,,,,,,,,,,,
a7_active_all_elias_gamma_w256,all,lz_span_distance,65to128,True,92699.0,0.08749662563310674,22209.0,0.05212474828316208,,,,,,,,,,,,,
a7_active_all_elias_gamma_w256,all,lz_span_distance,129to256,True,68757.0,0.06489827817619953,14826.0,0.03479677239165028,,,,,,,,,,,,,
a7_active_all_elias_gamma_w256,all,lz_span_full_group_contiguous,yes,True,662358.0,0.6251857081639858,340041.0,0.7980796763003609,,,,,,,,,,,,,
a7_active_all_elias_gamma_w256,all,lz_span_full_group_contiguous,no,True,397100.0,0.3748142918360143,86033.0,0.20192032369963903,,,,,,,,,,,,,
a7_active_all_elias_gamma_w256,all,lz_span_target_cross_chunk,no,True,720357.0,0.6799297376583121,356540.0,0.8368029966625515,,,,,,,,,,,,,
a7_active_all_elias_gamma_w256,all,lz_span_target_cross_chunk,yes,True,339101.0,0.3200702623416879,69534.0,0.16319700333744844,,,,,,,,,,,,,
a7_active_all_elias_gamma_w256,all,lz_span_bits,mean,True,1059458.0,,426074.0,,15.037408243906782,2.0,4.848301862075761,27.029076220800903,17.03740824390678,,,,,,,,
a7_active_all_elias_delta_w256,valid,codec_usage,raw_literal,True,192048.0,0.6014223842316401,,,,,,,,,,,,,,,
a7_active_all_elias_delta_w256,valid,codec_usage,lz_skeleton,True,65549.0,0.20527490973089943,,,,,,,,,,,,,,,
a7_active_all_elias_delta_w256,valid,codec_usage,lz_mirror,True,33231.0,0.10406704183538298,,,,,,,,,,,,,,,
a7_active_all_elias_delta_w256,valid,codec_usage,lz_exact,True,28495.0,0.08923566420207751,,,,,,,,,,,,,,,
a7_active_all_elias_delta_w256,test,codec_usage,raw_literal,True,171815.0,0.6208512652624656,,,,,,,,,,,,,,,
a7_active_all_elias_delta_w256,test,codec_usage,lz_skeleton,True,55949.0,0.20217098297686284,,,,,,,,,,,,,,,
a7_active_all_elias_delta_w256,test,codec_usage,lz_mirror,True,26636.0,0.09624883916730806,,,,,,,,,,,,,,,
a7_active_all_elias_delta_w256,test,codec_usage,lz_exact,True,22341.0,0.08072891259336347,,,,,,,,,,,,,,,
a7_active_all_elias_delta_w256,all,lz_span_match_type,skeleton,True,545886.0,0.521383578718141,183868.0,0.45165759427751684,,,,,,,,,,,,,
a7_active_all_elias_delta_w256,all,lz_span_match_type,mirror,True,266786.0,0.2548111500054919,119208.0,0.2928252795409437,,,,,,,,,,,,,
a7_active_all_elias_delta_w256,all,lz_span_match_type,exact,True,234323.0,0.22380527127636712,104020.0,0.2555171261815395,,,,,,,,,,,,,
a7_active_all_elias_delta_w256,all,lz_span_length,1,True,154977.0,0.1480207641870305,154977.0,0.3806890757953898,,,,,,,,,,,,,
a7_active_all_elias_delta_w256,all,lz_span_length,3plus,True,681460.0,0.6508722582247288,146840.0,0.3607011613968204,,,,,,,,,,,,,
a7_active_all_elias_delta_w256,all,lz_span_length,2,True,210558.0,0.20110697758824064,105279.0,0.2586097628077898,,,,,,,,,,,,,
a7_active_all_elias_delta_w256,all,lz_span_distance,1to16,True,570392.0,0.5447896121757984,285191.0,0.70054974747971,,,,,,,,,,,,,
a7_active_all_elias_delta_w256,all,lz_span_distance,17to32,True,160819.0,0.15360054250497854,41738.0,0.10252618546976634,,,,,,,,,,,,,
a7_active_all_elias_delta_w256,all,lz_span_distance,33to64,True,135242.0,0.1291715815261773,34811.0,0.08551054296775208,,,,,,,,,,,,,
a7_active_all_elias_delta_w256,all,lz_span_distance,65to128,True,106362.0,0.10158787768805008,28181.0,0.06922445811307407,,,,,,,,,,,,,
a7_active_all_elias_delta_w256,all,lz_span_distance,129to256,True,74180.0,0.07085038610499572,17175.0,0.04218906596969756,,,,,,,,,,,,,
a7_active_all_elias_delta_w256,all,lz_span_full_group_contiguous,yes,True,646720.0,0.6176915840094748,320128.0,0.7863697997523925,,,,,,,,,,,,,
a7_active_all_elias_delta_w256,all,lz_span_full_group_contiguous,no,True,400275.0,0.3823084159905253,86968.0,0.21363020024760745,,,,,,,,,,,,,
a7_active_all_elias_delta_w256,all,lz_span_target_cross_chunk,no,True,705252.0,0.6735963400016237,336751.0,0.8272029201957278,,,,,,,,,,,,,
a7_active_all_elias_delta_w256,all,lz_span_target_cross_chunk,yes,True,341743.0,0.3264036599983763,70345.0,0.17279707980427222,,,,,,,,,,,,,
a7_active_all_elias_delta_w256,all,lz_span_bits,mean,True,1046995.0,,407096.0,,15.694431000300012,2.0,5.02359194957591,28.005856622407006,17.694431000300007,,,,,,,,
a7_active_all_power_bucket_w256,valid,codec_usage,raw_literal,True,195019.0,0.6107264431312496,,,,,,,,,,,,,,,
a7_active_all_power_bucket_w256,valid,codec_usage,lz_skeleton,True,62671.0,0.1962620919883629,,,,,,,,,,,,,,,
a7_active_all_power_bucket_w256,valid,codec_usage,lz_mirror,True,33307.0,0.10430504536159312,,,,,,,,,,,,,,,
a7_active_all_power_bucket_w256,valid,codec_usage,lz_exact,True,28326.0,0.08870641951879445,,,,,,,,,,,,,,,
a7_active_all_power_bucket_w256,test,codec_usage,raw_literal,True,174388.0,0.6301487672589172,,,,,,,,,,,,,,,
a7_active_all_power_bucket_w256,test,codec_usage,lz_skeleton,True,53402.0,0.1929674316418601,,,,,,,,,,,,,,,
a7_active_all_power_bucket_w256,test,codec_usage,lz_mirror,True,26710.0,0.09651623720373924,,,,,,,,,,,,,,,
a7_active_all_power_bucket_w256,test,codec_usage,lz_exact,True,22241.0,0.0803675638954835,,,,,,,,,,,,,,,
a7_active_all_power_bucket_w256,all,lz_span_match_type,skeleton,True,520073.0,0.5091666503495135,172467.0,0.4328610689321972,,,,,,,,,,,,,
a7_active_all_power_bucket_w256,all,lz_span_match_type,mirror,True,267780.0,0.2621644377435335,121114.0,0.3039742994465848,,,,,,,,,,,,,
a7_active_all_power_bucket_w256,all,lz_span_match_type,exact,True,233567.0,0.22866891190695307,104854.0,0.263164631621218,,,,,,,,,,,,,
a7_active_all_power_bucket_w256,all,lz_span_length,1,True,162496.0,0.15908832801394138,162496.0,0.407835657008044,,,,,,,,,,,,,
a7_active_all_power_bucket_w256,all,lz_span_length,3plus,True,677094.0,0.6628947935227428,145024.0,0.36398408774329566,,,,,,,,,,,,,
a7_active_all_power_bucket_w256,all,lz_span_length,2,True,181830.0,0.17801687846331576,90915.0,0.2281802552486604,,,,,,,,,,,,,
a7_active_all_power_bucket_w256,all,lz_span_distance,1to16,True,559621.0,0.5478852969395548,283204.0,0.7107909696688293,,,,,,,,,,,,,
a7_active_all_power_bucket_w256,all,lz_span_distance,17to32,True,157782.0,0.1544731843903585,40355.0,0.10128377276092712,,,,,,,,,,,,,
a7_active_all_power_bucket_w256,all,lz_span_distance,33to64,True,131674.0,0.12891269017642107,33252.0,0.08345652364877583,,,,,,,,,,,,,
a7_active_all_power_bucket_w256,all,lz_span_distance,65to128,True,102139.0,0.09999706291241604,26346.0,0.06612370901150752,,,,,,,,,,,,,
a7_active_all_power_bucket_w256,all,lz_span_distance,129to256,True,70204.0,0.06873176558124963,15278.0,0.03834502490996022,,,,,,,,,,,,,
a7_active_all_power_bucket_w256,all,lz_span_full_group_contiguous,yes,True,629631.0,0.6164271308570421,315596.0,0.7920890484018723,,,,,,,,,,,,,
a7_active_all_power_bucket_w256,all,lz_span_full_group_contiguous,no,True,391789.0,0.38357286914295785,82839.0,0.20791095159812767,,,,,,,,,,,,,
a7_active_all_power_bucket_w256,all,lz_span_target_cross_chunk,no,True,685633.0,0.6712547238158642,331018.0,0.8307954873442344,,,,,,,,,,,,,
a7_active_all_power_bucket_w256,all,lz_span_target_cross_chunk,yes,True,335787.0,0.3287452761841358,67417.0,0.1692045126557657,,,,,,,,,,,,,
a7_active_all_power_bucket_w256,all,lz_span_bits,mean,True,1021420.0,,398435.0,,15.846378123282,2.0,4.88111268732674,27.96355947191953,17.846378123282,,,,,,,,
a7_active_all_train_fitted_w256,valid,codec_usage,raw_literal,True,187706.0,0.5878248669842134,,,,,,,,,,,,,,,
a7_active_all_train_fitted_w256,valid,codec_usage,lz_skeleton,True,72134.0,0.22589666262686997,,,,,,,,,,,,,,,
a7_active_all_train_fitted_w256,valid,codec_usage,lz_mirror,True,32368.0,0.10136444916275997,,,,,,,,,,,,,,,
a7_active_all_train_fitted_w256,valid,codec_usage,lz_exact,True,27115.0,0.08491402122615659,,,,,,,,,,,,,,,
a7_active_all_train_fitted_w256,test,codec_usage,raw_literal,True,169456.0,0.6123270494794772,,,,,,,,,,,,,,,
a7_active_all_train_fitted_w256,test,codec_usage,lz_skeleton,True,60714.0,0.2193892484308433,,,,,,,,,,,,,,,
a7_active_all_train_fitted_w256,test,codec_usage,lz_mirror,True,25437.0,0.09191626827972725,,,,,,,,,,,,,,,
a7_active_all_train_fitted_w256,test,codec_usage,lz_exact,True,21134.0,0.07636743380995227,,,,,,,,,,,,,,,
a7_active_all_train_fitted_w256,all,lz_span_match_type,skeleton,True,596897.0,0.5541946403751719,196232.0,0.4937175751903346,,,,,,,,,,,,,
a7_active_all_train_fitted_w256,all,lz_span_match_type,mirror,True,258352.0,0.2398693471908996,106072.0,0.26687599696068515,,,,,,,,,,,,,
a7_active_all_train_fitted_w256,all,lz_span_match_type,exact,True,221804.0,0.2059360124339285,95154.0,0.23940642784898028,,,,,,,,,,,,,
a7_active_all_train_fitted_w256,all,lz_span_length,3plus,True,690695.0,0.641282276731043,149727.0,0.3767115015926211,,,,,,,,,,,,,
a7_active_all_train_fitted_w256,all,lz_span_length,2,True,277254.0,0.25741908708299405,138627.0,0.34878402246275075,,,,,,,,,,,,,
a7_active_all_train_fitted_w256,all,lz_span_length,1,True,109104.0,0.10129863618596299,109104.0,0.2745044759446281,,,,,,,,,,,,,
a7_active_all_train_fitted_w256,all,lz_span_distance,1to16,True,505749.0,0.46956742147322367,217020.0,0.5460199568256269,,,,,,,,,,,,,
a7_active_all_train_fitted_w256,all,lz_span_distance,17to32,True,186751.0,0.17339072450473653,59865.0,0.15061968811798981,,,,,,,,,,,,,
a7_active_all_train_fitted_w256,all,lz_span_distance,33to64,True,158804.0,0.1474430691897242,50504.0,0.1270675140517992,,,,,,,,,,,,,
a7_active_all_train_fitted_w256,all,lz_span_distance,65to128,True,125261.0,0.11629975497955997,39945.0,0.10050118503087119,,,,,,,,,,,,,
a7_active_all_train_fitted_w256,all,lz_span_distance,129to256,True,100488.0,0.09329902985275562,30124.0,0.07579165597371294,,,,,,,,,,,,,
a7_active_all_train_fitted_w256,all,lz_span_full_group_contiguous,yes,True,655885.0,0.6089626044400787,301228.0,0.7578863678677998,,,,,,,,,,,,,
a7_active_all_train_fitted_w256,all,lz_span_full_group_contiguous,no,True,421168.0,0.3910373955599214,96230.0,0.24211363213220014,,,,,,,,,,,,,
a7_active_all_train_fitted_w256,all,lz_span_target_cross_chunk,no,True,719324.0,0.6678631413681593,320092.0,0.8053479864539146,,,,,,,,,,,,,
a7_active_all_train_fitted_w256,all,lz_span_target_cross_chunk,yes,True,357729.0,0.3321368586318408,77366.0,0.19465201354608538,,,,,,,,,,,,,
a7_active_all_train_fitted_w256,all,lz_span_bits,mean,True,1077053.0,,397458.0,,17.058435673096564,2.0,5.594562389755737,29.817424100518807,19.058435673096564,,,,,,,,
a7_active_all_online_adaptive_w256,valid,codec_usage,raw_literal,True,282163.0,0.8836288021846218,,,,,,,,,,,,,,,
a7_active_all_online_adaptive_w256,valid,codec_usage,lz_mirror,True,20870.0,0.06535702094744193,,,,,,,,,,,,,,,
a7_active_all_online_adaptive_w256,valid,codec_usage,lz_exact,True,13729.0,0.04299408435972354,,,,,,,,,,,,,,,
a7_active_all_online_adaptive_w256,valid,codec_usage,lz_skeleton,True,2561.0,0.008020092508212687,,,,,,,,,,,,,,,
a7_active_all_online_adaptive_w256,test,codec_usage,raw_literal,True,249857.0,0.9028550160619496,,,,,,,,,,,,,,,
a7_active_all_online_adaptive_w256,test,codec_usage,lz_mirror,True,14222.0,0.05139101181248893,,,,,,,,,,,,,,,
a7_active_all_online_adaptive_w256,test,codec_usage,lz_exact,True,11251.0,0.040655341998475106,,,,,,,,,,,,,,,
a7_active_all_online_adaptive_w256,test,codec_usage,lz_skeleton,True,1411.0,0.005098630127086337,,,,,,,,,,,,,,,
a7_active_all_online_adaptive_w256,all,lz_span_match_type,mirror,True,139929.0,0.52758004433921,29626.0,0.5176746055321603,,,,,,,,,,,,,
a7_active_all_online_adaptive_w256,all,lz_span_match_type,exact,True,114185.0,0.43051638590194097,24803.0,0.43339915078019886,,,,,,,,,,,,,
a7_active_all_online_adaptive_w256,all,lz_span_match_type,skeleton,True,11114.0,0.04190356975884899,2800.0,0.04892624368764088,,,,,,,,,,,,,
a7_active_all_online_adaptive_w256,all,lz_span_length,3plus,True,236675.0,0.8923454537228347,42105.0,0.7357283894528998,,,,,,,,,,,,,
a7_active_all_online_adaptive_w256,all,lz_span_length,2,True,26858.0,0.10126381829972703,13429.0,0.23465375945761763,,,,,,,,,,,,,
a7_active_all_online_adaptive_w256,all,lz_span_length,1,True,1695.0,0.006390727977438279,1695.0,0.029617851089482606,,,,,,,,,,,,,
a7_active_all_online_adaptive_w256,all,lz_span_distance,1to16,True,76215.0,0.2873565385253442,21470.0,0.37515944713344634,,,,,,,,,,,,,
a7_active_all_online_adaptive_w256,all,lz_span_distance,33to64,True,54959.0,0.20721417044957546,10598.0,0.18518583235772074,,,,,,,,,,,,,
a7_active_all_online_adaptive_w256,all,lz_span_distance,17to32,True,48734.0,0.18374379778907204,9796.0,0.1711719582729036,,,,,,,,,,,,,
a7_active_all_online_adaptive_w256,all,lz_span_distance,65to128,True,48030.0,0.1810894777323661,9058.0,0.15827639832951826,,,,,,,,,,,,,
a7_active_all_online_adaptive_w256,all,lz_span_distance,129to256,True,37290.0,0.14059601550364215,6307.0,0.11020636390641109,,,,,,,,,,,,,
a7_active_all_online_adaptive_w256,all,lz_span_full_group_contiguous,yes,True,133790.0,0.5044339210038156,36697.0,0.6412308445019134,,,,,,,,,,,,,
a7_active_all_online_adaptive_w256,all,lz_span_full_group_contiguous,no,True,131438.0,0.49556607899618443,20532.0,0.35876915549808663,,,,,,,,,,,,,
a7_active_all_online_adaptive_w256,all,lz_span_target_cross_chunk,no,True,149283.0,0.5628478139562942,39864.0,0.6965699208443272,,,,,,,,,,,,,
a7_active_all_online_adaptive_w256,all,lz_span_target_cross_chunk,yes,True,115945.0,0.4371521860437058,17365.0,0.3034300791556728,,,,,,,,,,,,,
a7_active_all_online_adaptive_w256,all,lz_span_bits,mean,True,265228.0,,57229.0,,19.457848575948834,2.0,0.6735274529109773,50.9222530224132,21.457848575948834,,,,,,,,
a8_active_all_fixed_same_offset_w256,valid,codec_usage,raw_literal,True,235215.0,0.7366052554936537,,,,,,,,,,,,,,,
a8_active_all_fixed_same_offset_w256,valid,codec_usage,lz_skeleton,True,43882.0,0.13742198338359593,,,,,,,,,,,,,,,
a8_active_all_fixed_same_offset_w256,valid,codec_usage,lz_exact,True,21459.0,0.06720154827557051,,,,,,,,,,,,,,,
a8_active_all_fixed_same_offset_w256,valid,codec_usage,lz_mirror,True,18767.0,0.058771212847179816,,,,,,,,,,,,,,,
a8_active_all_fixed_same_offset_w256,test,codec_usage,raw_literal,True,205020.0,0.7408371003935087,,,,,,,,,,,,,,,
a8_active_all_fixed_same_offset_w256,test,codec_usage,lz_skeleton,True,39360.0,0.14222684748555509,,,,,,,,,,,,,,,
a8_active_all_fixed_same_offset_w256,test,codec_usage,lz_exact,True,17459.0,0.06308786916286348,,,,,,,,,,,,,,,
a8_active_all_fixed_same_offset_w256,test,codec_usage,lz_mirror,True,14902.0,0.05384818295807271,,,,,,,,,,,,,,,
a8_active_all_fixed_same_offset_w256,all,lz_span_match_type,skeleton,True,374094.0,0.5355753124597346,91189.0,0.502283130174223,,,,,,,,,,,,,
a8_active_all_fixed_same_offset_w256,all,lz_span_match_type,exact,True,177272.0,0.25379318243639853,51400.0,0.2831191579132906,,,,,,,,,,,,,
a8_active_all_fixed_same_offset_w256,all,lz_span_match_type,mirror,True,147124.0,0.2106315051038669,38960.0,0.21459771191248644,,,,,,,,,,,,,
a8_active_all_fixed_same_offset_w256,all,lz_span_length,3plus,True,577669.0,0.8270254405932798,118021.0,0.6500779403907485,,,,,,,,,,,,,
a8_active_all_fixed_same_offset_w256,all,lz_span_length,2,True,114586.0,0.16404816103308564,57293.0,0.31557871428650114,,,,,,,,,,,,,
a8_active_all_fixed_same_offset_w256,all,lz_span_length,1,True,6235.0,0.008926398373634554,6235.0,0.03434334532275033,,,,,,,,,,,,,
a8_active_all_fixed_same_offset_w256,all,lz_span_distance,1to16,True,200477.0,0.28701484631132873,55431.0,0.3053225300056734,,,,,,,,,,,,,
a8_active_all_fixed_same_offset_w256,all,lz_span_distance,33to64,True,135488.0,0.19397271256567739,33068.0,0.18214366369409912,,,,,,,,,,,,,
a8_active_all_fixed_same_offset_w256,all,lz_span_distance,17to32,True,136429.0,0.1953199043651305,32724.0,0.1802488584349129,,,,,,,,,,,,,
a8_active_all_fixed_same_offset_w256,all,lz_span_distance,65to128,True,117043.0,0.16756574897278415,30746.0,0.1693537281945921,,,,,,,,,,,,,
a8_active_all_fixed_same_offset_w256,all,lz_span_distance,129to256,True,109053.0,0.15612678778507924,29580.0,0.1629312196707225,,,,,,,,,,,,,
a8_active_all_fixed_same_offset_w256,all,lz_span_full_group_contiguous,yes,True,328241.0,0.46992941917565034,105779.0,0.582647109044941,,,,,,,,,,,,,
a8_active_all_fixed_same_offset_w256,all,lz_span_full_group_contiguous,no,True,370249.0,0.5300705808243497,75770.0,0.41735289095505895,,,,,,,,,,,,,
a8_active_all_fixed_same_offset_w256,all,lz_span_target_cross_chunk,no,True,374850.0,0.536657647210411,117884.0,0.649323323179968,,,,,,,,,,,,,
a8_active_all_fixed_same_offset_w256,all,lz_span_target_cross_chunk,yes,True,323640.0,0.46334235278958896,63665.0,0.35067667682003206,,,,,,,,,,,,,
a8_active_all_fixed_same_offset_w256,all,lz_span_bits,mean,True,698490.0,,181549.0,,20.673365020731197,2.0,7.9128529693738505,41.86490112186772,22.673365020731197,,,,,,,,
a8_active_all_fixed_same_bar_phase_w256,valid,codec_usage,raw_literal,True,224112.0,0.7018348192895595,,,,,,,,,,,,,,,
a8_active_all_fixed_same_bar_phase_w256,valid,codec_usage,lz_skeleton,True,50112.0,0.15693200928213752,,,,,,,,,,,,,,,
a8_active_all_fixed_same_bar_phase_w256,valid,codec_usage,lz_exact,True,24201.0,0.0757884649712047,,,,,,,,,,,,,,,
a8_active_all_fixed_same_bar_phase_w256,valid,codec_usage,lz_mirror,True,20898.0,0.0654447064570983,,,,,,,,,,,,,,,
a8_active_all_fixed_same_bar_phase_w256,test,codec_usage,raw_literal,True,199410.0,0.7205654384424426,,,,,,,,,,,,,,,
a8_active_all_fixed_same_bar_phase_w256,test,codec_usage,lz_skeleton,True,42728.0,0.15439707163015237,,,,,,,,,,,,,,,
a8_active_all_fixed_same_bar_phase_w256,test,codec_usage,lz_exact,True,18441.0,0.06663631337604475,,,,,,,,,,,,,,,
a8_active_all_fixed_same_bar_phase_w256,test,codec_usage,lz_mirror,True,16162.0,0.0584011765513603,,,,,,,,,,,,,,,
a8_active_all_fixed_same_bar_phase_w256,all,lz_span_match_type,skeleton,True,416401.0,0.5421266834008603,110018.0,0.5075380129908473,,,,,,,,,,,,,
a8_active_all_fixed_same_bar_phase_w256,all,lz_span_match_type,exact,True,191907.0,0.2498502775723615,60324.0,0.2782883082373782,,,,,,,,,,,,,
a8_active_all_fixed_same_bar_phase_w256,all,lz_span_match_type,mirror,True,159780.0,0.20802303902677818,46426.0,0.21417367877177443,,,,,,,,,,,,,
a8_active_all_fixed_same_bar_phase_w256,all,lz_span_length,3plus,True,599480.0,0.7804834862671985,128177.0,0.591309602893416,,,,,,,,,,,,,
a8_active_all_fixed_same_bar_phase_w256,all,lz_span_length,2,True,160034.0,0.20835373030173626,80017.0,0.369136588426336,,,,,,,,,,,,,
a8_active_all_fixed_same_bar_phase_w256,all,lz_span_length,1,True,8574.0,0.011162783431065191,8574.0,0.03955380868024801,,,,,,,,,,,,,
a8_active_all_fixed_same_bar_phase_w256,all,lz_span_distance,1to16,True,224463.0,0.2922360458697441,68954.0,0.3181004576321228,,,,,,,,,,,,,
a8_active_all_fixed_same_bar_phase_w256,all,lz_span_distance,33to64,True,145773.0,0.1897868473404089,37859.0,0.1746521626808385,,,,,,,,,,,,,
a8_active_all_fixed_same_bar_phase_w256,all,lz_span_distance,129to256,True,123542.0,0.16084354917665683,37458.0,0.17280225863596102,,,,,,,,,,,,,
a8_active_all_fixed_same_bar_phase_w256,all,lz_span_distance,65to128,True,129324.0,0.16837133245148994,36546.0,0.16859499557130203,,,,,,,,,,,,,
a8_active_all_fixed_same_bar_phase_w256,all,lz_span_distance,17to32,True,144986.0,0.18876222516170021,35951.0,0.16585012547977562,,,,,,,,,,,,,
a8_active_all_fixed_same_bar_phase_w256,all,lz_span_full_group_contiguous,yes,True,412518.0,0.5370712730832925,142792.0,0.6587319161499853,,,,,,,,,,,,,
a8_active_all_fixed_same_bar_phase_w256,all,lz_span_full_group_contiguous,no,True,355570.0,0.46292872691670744,73976.0,0.3412680838500148,,,,,,,,,,,,,
a8_active_all_fixed_same_bar_phase_w256,all,lz_span_target_cross_chunk,no,True,458435.0,0.5968521836039621,155280.0,0.7163418954827281,,,,,,,,,,,,,
a8_active_all_fixed_same_bar_phase_w256,all,lz_span_target_cross_chunk,yes,True,309653.0,0.403147816396038,61488.0,0.2836581045172719,,,,,,,,,,,,,
a8_active_all_fixed_same_bar_phase_w256,all,lz_span_bits,mean,True,768088.0,,216768.0,,19.985138561176583,2.0,7.224626509819239,38.59427824531959,21.985138561176587,,,,,,,,
c3_active_all_fixed_w256,all,reconstruction_guard,mismatch,True,,,,,,,,,,0.0,0.0,0.0,0.0,0.0,0.0,86451.0,True
a1_exact_only_all_fallback_w256,all,reconstruction_guard,mismatch,True,,,,,,,,,,0.0,0.0,0.0,0.0,0.0,0.0,82290.0,True
a2_skeleton_residual_all_fallback_w256,all,reconstruction_guard,mismatch,True,,,,,,,,,,0.0,0.0,0.0,0.0,0.0,0.0,199906.0,True
a3_mirror_only_all_fallback_w256,all,reconstruction_guard,mismatch,True,,,,,,,,,,0.0,0.0,0.0,0.0,0.0,0.0,82279.0,True
a5_non_active_all_fixed_w256,all,reconstruction_guard,mismatch,True,,,,,,,,,,0.0,0.0,0.0,0.0,0.0,0.0,62672.0,True
a6_active_all_fixed_w16,all,reconstruction_guard,mismatch,True,,,,,,,,,,0.0,0.0,0.0,0.0,0.0,0.0,63744.0,True
a6_active_all_fixed_w32,all,reconstruction_guard,mismatch,True,,,,,,,,,,0.0,0.0,0.0,0.0,0.0,0.0,74804.0,True
a6_active_all_fixed_w64,all,reconstruction_guard,mismatch,True,,,,,,,,,,0.0,0.0,0.0,0.0,0.0,0.0,80400.0,True
a6_active_all_fixed_w128,all,reconstruction_guard,mismatch,True,,,,,,,,,,0.0,0.0,0.0,0.0,0.0,0.0,83270.0,True
a6_active_all_fixed_w512,all,reconstruction_guard,mismatch,True,,,,,,,,,,0.0,0.0,0.0,0.0,0.0,0.0,87891.0,True
a6_active_all_fixed_w1024,all,reconstruction_guard,mismatch,True,,,,,,,,,,0.0,0.0,0.0,0.0,0.0,0.0,86724.0,True
a6_active_all_fixed_full_history,all,reconstruction_guard,mismatch,True,,,,,,,,,,0.0,0.0,0.0,0.0,0.0,0.0,95609.0,True
a7_active_all_elias_gamma_w256,all,reconstruction_guard,mismatch,True,,,,,,,,,,0.0,0.0,0.0,0.0,0.0,0.0,86033.0,True
a7_active_all_elias_delta_w256,all,reconstruction_guard,mismatch,True,,,,,,,,,,0.0,0.0,0.0,0.0,0.0,0.0,86968.0,True
a7_active_all_power_bucket_w256,all,reconstruction_guard,mismatch,True,,,,,,,,,,0.0,0.0,0.0,0.0,0.0,0.0,82839.0,True
a7_active_all_train_fitted_w256,all,reconstruction_guard,mismatch,True,,,,,,,,,,0.0,0.0,0.0,0.0,0.0,0.0,96230.0,True
a7_active_all_online_adaptive_w256,all,reconstruction_guard,mismatch,True,,,,,,,,,,0.0,0.0,0.0,0.0,0.0,0.0,20532.0,True
a8_active_all_fixed_same_offset_w256,all,reconstruction_guard,mismatch,True,,,,,,,,,,0.0,0.0,0.0,0.0,0.0,0.0,75770.0,True
a8_active_all_fixed_same_bar_phase_w256,all,reconstruction_guard,mismatch,True,,,,,,,,,,0.0,0.0,0.0,0.0,0.0,0.0,73976.0,True
c3_active_all_fixed_w256,all,candidate_options,records_with_candidate,True,2394123.0,0.8591260044152645,,,,,,,,,,,,,,,
a1_exact_only_all_fallback_w256,all,candidate_options,records_with_candidate,True,1658191.0,0.5950383536632629,,,,,,,,,,,,,,,
a2_skeleton_residual_all_fallback_w256,all,candidate_options,records_with_candidate,True,2394123.0,0.8591260044152645,,,,,,,,,,,,,,,
a3_mirror_only_all_fallback_w256,all,candidate_options,records_with_candidate,True,1671294.0,0.5997403376615175,,,,,,,,,,,,,,,
a5_non_active_all_fixed_w256,all,candidate_options,records_with_candidate,True,2394123.0,0.8591260044152645,,,,,,,,,,,,,,,
a6_active_all_fixed_w16,all,candidate_options,records_with_candidate,True,1830831.0,0.6569898546522477,,,,,,,,,,,,,,,
a6_active_all_fixed_w32,all,candidate_options,records_with_candidate,True,2059597.0,0.7390820527248039,,,,,,,,,,,,,,,
a6_active_all_fixed_w64,all,candidate_options,records_with_candidate,True,2221314.0,0.7971138581316369,,,,,,,,,,,,,,,
a6_active_all_fixed_w128,all,candidate_options,records_with_candidate,True,2330058.0,0.8361364138750692,,,,,,,,,,,,,,,
a6_active_all_fixed_w512,all,candidate_options,records_with_candidate,True,2424487.0,0.8700220619687257,,,,,,,,,,,,,,,
a6_active_all_fixed_w1024,all,candidate_options,records_with_candidate,True,2434575.0,0.8736421195566363,,,,,,,,,,,,,,,
a6_active_all_fixed_full_history,all,candidate_options,records_with_candidate,True,2436207.0,0.8742277593250215,,,,,,,,,,,,,,,
a7_active_all_elias_gamma_w256,all,candidate_options,records_with_candidate,True,2394123.0,0.8591260044152645,,,,,,,,,,,,,,,
a7_active_all_elias_delta_w256,all,candidate_options,records_with_candidate,True,2394123.0,0.8591260044152645,,,,,,,,,,,,,,,
a7_active_all_power_bucket_w256,all,candidate_options,records_with_candidate,True,2394123.0,0.8591260044152645,,,,,,,,,,,,,,,
a7_active_all_train_fitted_w256,all,candidate_options,records_with_candidate,True,2394123.0,0.8591260044152645,,,,,,,,,,,,,,,
a7_active_all_online_adaptive_w256,all,candidate_options,records_with_candidate,True,2394123.0,0.8591260044152645,,,,,,,,,,,,,,,
a8_active_all_fixed_same_offset_w256,all,candidate_options,records_with_candidate,True,1852455.0,0.6647495815833517,,,,,,,,,,,,,,,
a8_active_all_fixed_same_bar_phase_w256,all,candidate_options,records_with_candidate,True,2213456.0,0.7942940313546939,,,,,,,,,,,,,,,
