variant,split,table,bucket,legal_codec,fallback_literal_count,usage_share,fallback_event_count,mean_raw_bits,active_hold_share,chord_ln_mixed_share,boundary_near_share,coverage
c1a_frozen_bitplane_all_fallback,valid,codec_usage,c1a_frozen_bitplane_all_fallback,True,319323,1.0,,,,,,
c1a_frozen_bitplane_all_fallback,test,codec_usage,c1a_frozen_bitplane_all_fallback,True,276741,1.0,,,,,,
c1b_online_bitplane_all_fallback,valid,codec_usage,c1b_online_bitplane_all_fallback,True,319323,1.0,,,,,,
c1b_online_bitplane_all_fallback,test,codec_usage,c1b_online_bitplane_all_fallback,True,276741,1.0,,,,,,
c2a_ppm_symbol_all_fallback,valid,codec_usage,c2a_ppm_symbol_all_fallback,True,319323,1.0,,,,,,
c2a_ppm_symbol_all_fallback,test,codec_usage,c2a_ppm_symbol_all_fallback,True,276741,1.0,,,,,,
c2b_ctw_mixture_all_fallback,valid,codec_usage,c2b_ctw_mixture_all_fallback,True,319323,1.0,,,,,,
c2b_ctw_mixture_all_fallback,test,codec_usage,c2b_ctw_mixture_all_fallback,True,276741,1.0,,,,,,
c3_lz_active_span_backref,valid,codec_usage,raw_literal,True,218671,0.6847956457881205,,,,,,
c3_lz_active_span_backref,valid,codec_usage,lz_skeleton,True,55231,0.1729627994225283,,,,,,
c3_lz_active_span_backref,valid,codec_usage,lz_exact,True,24329,0.07618931301534809,,,,,,
c3_lz_active_span_backref,valid,codec_usage,lz_mirror,True,21092,0.06605224177400312,,,,,,
c3_lz_active_span_backref,test,codec_usage,raw_literal,True,195109,0.7050238309466251,,,,,,
c3_lz_active_span_backref,test,codec_usage,lz_skeleton,True,46695,0.16873177447505067,,,,,,
c3_lz_active_span_backref,test,codec_usage,lz_exact,True,18614,0.06726144662337709,,,,,,
c3_lz_active_span_backref,test,codec_usage,lz_mirror,True,16323,0.058982947954947046,,,,,,
c4_signaled_active_patch_c1,valid,codec_usage,patch_c1,True,205855,0.6446607353682635,,,,,,
c4_signaled_active_patch_c1,valid,codec_usage,raw_literal,True,113468,0.35533926463173654,,,,,,
c4_signaled_active_patch_c1,test,codec_usage,patch_c1,True,168250,0.6079691841830448,,,,,,
c4_signaled_active_patch_c1,test,codec_usage,raw_literal,True,108491,0.3920308158169552,,,,,,
s1_explicit_per_fallback_selector,valid,codec_usage,c1a_frozen,True,287558,0.9005239209201968,,,,,,
s1_explicit_per_fallback_selector,valid,codec_usage,raw_literal,True,24761,0.07754217516433204,,,,,,
s1_explicit_per_fallback_selector,valid,codec_usage,c2a_ppm,True,7004,0.02193390391547117,,,,,,
s1_explicit_per_fallback_selector,test,codec_usage,c1a_frozen,True,251265,0.9079428057280996,,,,,,
s1_explicit_per_fallback_selector,test,codec_usage,raw_literal,True,19328,0.06984147632624006,,,,,,
s1_explicit_per_fallback_selector,test,codec_usage,c2a_ppm,True,6148,0.022215717945660383,,,,,,
f0_free_oracle_upper_bound,valid,codec_usage,c1b_online,False,145054,0.45425478277480796,,,,,,
f0_free_oracle_upper_bound,valid,codec_usage,c1a_frozen,False,93258,0.29204911641190895,,,,,,
f0_free_oracle_upper_bound,valid,codec_usage,c3_lz,False,56253,0.17616332052498568,,,,,,
f0_free_oracle_upper_bound,valid,codec_usage,raw_literal,False,18493,0.05791314750268537,,,,,,
f0_free_oracle_upper_bound,valid,codec_usage,c2a_ppm,False,6169,0.01931899675250452,,,,,,
f0_free_oracle_upper_bound,valid,codec_usage,c2b_ctw,False,96,0.00030063603310754314,,,,,,
f0_free_oracle_upper_bound,test,codec_usage,c1b_online,False,128941,0.4659266245334085,,,,,,
f0_free_oracle_upper_bound,test,codec_usage,c1a_frozen,False,83831,0.3029222269197553,,,,,,
f0_free_oracle_upper_bound,test,codec_usage,c3_lz,False,43093,0.15571599437741426,,,,,,
f0_free_oracle_upper_bound,test,codec_usage,raw_literal,False,15124,0.05465037706736624,,,,,,
f0_free_oracle_upper_bound,test,codec_usage,c2a_ppm,False,5632,0.02035115866459975,,,,,,
f0_free_oracle_upper_bound,test,codec_usage,c2b_ctw,False,120,0.00043361843745596065,,,,,,
f0_surprisal_literal_forensics,test,top_surprisal,top_1pct,,2767,,7176.0,26.164304164162612,0.6910010842067221,0.40621611853993495,0.18467654499457897,
f0_surprisal_literal_forensics,test,top_surprisal,top_5pct,,13837,,35989.0,17.473914266996914,0.7154730071547301,0.46968273469682736,0.18031365180313652,
f0_surprisal_literal_forensics,test,top_surprisal,top_10pct,,27674,,74357.0,15.553979836839526,0.7282286622822867,0.44279829442798296,0.24470622244706222,
c3_lz_active_span_backref,all,lz_candidate_match_type,skeleton,,1117300,,,,,,,0.4009407556475482
c3_lz_active_span_backref,all,lz_candidate_match_type,exact,,855227,,,,,,,0.3068964106597921
c3_lz_active_span_backref,all,lz_candidate_match_type,mirror,,421596,,,,,,,0.15128883810792423
